topology,links,nodes,flows,avg,into sol,into time,into gap,vrp sol,vrp time,vrp gap,lower sol,lower time,lower gap,relax sol,relax time,relax gap,ctr sol,ctr time,ctr gap,h sol,h time,h gap
zoo_7_3,6,5,3,2,3,0.01,0,3,0.04,0,3,0,0,2,0,33.33,3,0.00,0.00%,3,0.000,0.00%
zoo_7_5,9,7,5,2.2,4,0.01,0,4,0.05,0,4,0,0,3,0,25,4,0.00,0.00%,5,0.000,20.00%
zoo_7_7,9,7,7,2.285714286,4,0.01,0,4,0.04,0,4,0,0,3,0,25,4,0.00,0.00%,5,0.000,20.00%
zoo_8_9,12,8,9,2.222222222,6,0.01,0,6,0.28,0,6,0,0,4,0,33.33,6,0.00,0.00%,6,0.000,0.00%
zoo_8_12,13,8,12,2.333333333,6,0.01,0,6,0.06,0,6,0.01,0,4,0,33.33,6,0.00,0.00%,7,0.000,14.29%
zoo_9_6,10,7,6,2,6,0.01,0,6,0.05,0,6,0,0,3,0,50,6,0.00,0.00%,6,0.000,0.00%
zoo_10_4,8,7,4,2.25,3,0.01,0,3,0.05,0,3,0.01,0,3,0,0,3,0.00,0.00%,3,0.000,0.00%
zoo_10_8,11,8,8,2.625,4,0.01,0,4,0.24,0,4,0.01,0,4,0,0,4,0.00,0.00%,4,0.000,0.00%
zoo_10_12,14,10,12,2.583333333,5,0.01,0,5,0.12,0,5,0.01,0,5,0,0,5,0.00,0.00%,6,0.000,16.67%
zoo_10_16,14,10,16,2.5,5,0.01,0,5,0.07,0,5,0.01,0,5,0,0,5,0.00,0.00%,6,0.000,16.67%
zoo_10_20,14,10,20,2.6,5,0.01,0,5,0.04,0,5,0.01,0,5,0,0,5,0.00,0.00%,5,0.000,0.00%
zoo_11_6,11,10,6,2.666666667,5,0.01,0,5,0.13,0,5,0,0,4,0,20,5,0.00,0.00%,5,0.000,0.00%
zoo_11_12,14,9,12,2.416666667,6,0.01,0,6,0.13,0,6,0.01,0,4,0,33.33,7,0.00,14.29%,6,0.000,0.00%
zoo_12_6,11,8,6,2.166666667,5,0.01,0,5,0.29,0,5,0,0,4,0,20,5,0.00,0.00%,6,0.000,16.67%
zoo_12_9,15,11,9,2.444444444,8,0.01,0,8,0.02,0,8,0,0,5,0,37.5,8,0.00,0.00%,9,0.000,11.11%
zoo_12_12,15,11,12,2.75,6,0.01,0,6,0.06,0,6,0.01,0,5,0,16.66,6,0.00,0.00%,6,0.000,0.00%
zoo_12_18,15,10,18,2.777777778,5,0.02,0,5,0.16,0,5,0.01,0,4,0,20,5,0.00,0.00%,6,0.000,16.67%
zoo_12_24,19,12,24,2.75,6,0.09,0,6,0.22,0,6,0.01,0,6,0,0,7,0.00,14.29%,8,0.000,25.00%
zoo_12_30,19,12,30,2.8,6,0.02,0,6,0.24,0,6,0.01,0,6,0,0,6,0.00,0.00%,8,0.000,25.00%
zoo_13_9,13,10,9,2.111111111,7,0.01,0,7,0.13,0,7,0.01,0,4,0,42.85,7,0.00,0.00%,8,0.000,12.50%
zoo_13_12,15,9,12,2.5,6,0.01,0,6,0.28,0,6,0.01,0,4,0,33.33,6,0.00,0.00%,6,0.000,0.00%
zoo_13_17,18,12,17,2.882352941,5,0.01,0,5,0.05,0,5,0.01,0,5,0,0,6,0.00,16.67%,7,0.000,28.57%
zoo_13_33,18,13,33,2.878787879,6,0.02,0,6,0.23,0,6,0.01,0,6,0,0,7,0.00,14.29%,7,0.000,14.29%
zoo_14_9,13,10,9,3,4,0.01,0,4,0.24,0,4,0.01,0,3,0,25,4,0.00,0.00%,5,0.000,20.00%
zoo_14_17,19,14,17,2.588235294,7,0.01,0,7,0.12,0,7,0.01,0,7,0,0,8,0.00,12.50%,8,0.000,12.50%
zoo_14_25,21,13,25,2.96,6,0.01,0,6,0.16,0,6,0.01,0,6,0,0,8,0.00,25.00%,10,0.000,40.00%
zoo_14_33,22,14,33,2.939393939,7,0.03,0,7,0.4,0,7,0.01,0,7,0,0,9,0.00,22.22%,9,0.000,22.22%
zoo_14_42,22,14,42,3,7,0.03,0,7,0.65,0,7,0.01,0,7,0,0,9,0.00,22.22%,9,0.000,22.22%
zoo_15_15,21,13,15,2.4,11,0.01,0,11,0.05,0,11,0.01,0,5,0,54.54,12,0.00,8.33%,12,0.000,8.33%
zoo_15_45,21,15,45,3.155555556,7,0.03,0,7,0.49,0,7,0.01,0,7,0,0,8,0.00,12.50%,8,0.000,12.50%
zoo_16_12,13,11,12,2.666666667,5,0.01,0,5,0.03,0,5,0.01,0,5,0,0,5,0.00,0.00%,6,0.000,16.67%
zoo_16_23,21,14,23,2.826086957,8,0.02,0,8,0.1,0,8,0.01,0,6,0,25,9,0.00,11.11%,9,0.000,11.11%
zoo_16_34,25,16,34,2.794117647,9,0.04,0,9,0.38,0,9,0.01,0,8,0,11.11,10,0.00,10.00%,11,0.000,18.18%
zoo_16_45,24,15,45,3.155555556,7,0.04,0,7,0.45,0,7,0.01,0,7,0,0,8,0.00,12.50%,8,0.000,12.50%
zoo_16_56,25,16,56,3.071428571,8,0.05,0,8,0.54,0,8,0.02,0,8,0,0,9,0.00,11.11%,9,0.000,11.11%
zoo_17_29,37,16,29,2,29,0.03,0,29,0.43,0,29,0,0,13,0,55.17,29,0.00,0.00%,29,0.000,0.00%
zoo_18_15,23,14,15,2,15,0.02,0,15,0.28,0,15,0,0,7,0,53.33,15,0.00,0.00%,15,0.000,0.00%
zoo_18_29,20,14,29,2.586206897,8,0.02,0,8,0.16,0,8,0.01,0,7,0,12.5,8,0.00,0.00%,10,0.000,20.00%
zoo_18_43,25,16,43,2.720930233,10,0.04,0,10,0.37,0,10,0.01,0,7,0,30,10,0.00,0.00%,13,0.000,23.08%
zoo_18_57,26,17,57,2.719298246,10,0.04,0,10,0.79,0,10,0.01,0,8,0,20,10,0.00,0.00%,10,0.000,0.00%
zoo_18_72,28,18,72,2.888888889,10,0.07,0,10,1.36,0,10,0.02,0,9,0.01,10,10,0.00,0.00%,10,0.001,0.00%
zoo_19_15,18,13,15,2.6,8,0.01,0,8,0.04,0,8,0.01,0,6,0,25,8,0.00,0.00%,9,0.000,11.11%
zoo_19_18,21,16,18,2.5,10,0.01,0,10,0.06,0,10,0.01,0,7,0,30,11,0.00,9.09%,10,0.000,0.00%
zoo_19_29,23,16,29,2.620689655,10,0.02,0,10,0.16,0,10,0.01,0,7,0,30,10,0.00,0.00%,10,0.000,0.00%
zoo_19_57,30,18,57,3.070175439,12,0.05,0,12,1.08,0,12,0.02,0,9,0,25,12,0.00,0.00%,12,0.001,0.00%
zoo_19_72,30,18,72,3,12,0.06,0,12,1.19,0,12,0.02,0,9,0.01,25,12,0.00,0.00%,12,0.001,0.00%
zoo_20_9,14,10,9,2.111111111,7,0.01,0,7,0.02,0,7,0.01,0,5,0,28.57,7,0.00,0.00%,8,0.000,12.50%
zoo_20_17,17,13,17,2.411764706,7,0.01,0,7,0.04,0,7,0.01,0,6,0,14.28,8,0.00,12.50%,9,0.000,22.22%
zoo_20_18,17,15,18,2.888888889,6,0.01,0,6,0.06,0,6,0.01,0,6,0,0,6,0.00,0.00%,7,0.000,14.29%
zoo_20_25,18,13,25,2.56,6,0.01,0,6,0.08,0,6,0.01,0,6,0,0,7,0.00,14.29%,8,0.000,25.00%
zoo_20_33,20,14,33,2.636363636,7,0.02,0,7,0.14,0,7,0.01,0,7,0,0,7,0.00,0.00%,8,0.000,12.50%
zoo_20_36,26,19,36,2.666666667,11,0.02,0,11,0.21,0,11,0.01,0,9,0,18.18,11,0.00,0.00%,13,0.000,15.38%
zoo_20_42,20,14,42,2.714285714,7,0.02,0,7,0.19,0,7,0.01,0,7,0,0,7,0.00,0.00%,7,0.000,0.00%
zoo_20_44,22,18,44,2.840909091,7,0.03,0,7,0.38,0,7,0.01,0,7,0,0,7,0.00,0.00%,9,0.001,22.22%
zoo_20_54,27,19,54,2.944444444,9,0.07,0,9,0.4,0,9,0.01,0,9,0,0,10,0.00,10.00%,11,0.001,18.18%
zoo_20_55,27,19,55,2.890909091,10,0.09,0,10,0.37,0,10,0.02,0,9,0,10,10,0.00,0.00%,12,0.001,16.67%
zoo_20_72,27,19,72,2.958333333,9,0.07,0,9,0.8,0,9,0.02,0,9,0.01,0,9,0.00,0.00%,11,0.001,18.18%
zoo_20_90,29,20,90,3.066666667,10,0.06,0,10,0.83,0,10,0.02,0,10,0.01,0,10,0.00,0.00%,10,0.001,0.00%
zoo_21_54,24,17,54,3.12962963,8,0.03,0,8,0.4,0,8,0.02,0,8,0,0,9,0.00,11.11%,9,0.000,11.11%
zoo_22_22,30,22,22,2.181818182,16,0.01,0,16,0.14,0,16,0.01,0,12,0,25,16,0.00,0.00%,17,0.000,5.88%
zoo_22_36,28,19,36,2.888888889,13,0.05,0,13,0.24,0,13,0.02,0,9,0,30.76,13,0.00,0.00%,14,0.000,7.14%
zoo_22_44,32,22,44,2.545454545,15,0.04,0,15,0.48,0,15,0.01,0,11,0,26.66,15,0.00,0.00%,17,0.000,11.76%
zoo_22_66,26,19,66,2.757575758,10,0.4,0,10,0.71,0,10,0.02,0,8,0.01,20,10,0.00,0.00%,11,0.001,9.09%
zoo_22_72,29,20,72,3.236111111,10,0.08,0,10,0.96,0,10,0.02,0,10,0.01,0,10,0.00,0.00%,11,0.001,9.09%
zoo_22_88,47,22,88,2.829545455,19,0.11,0,19,2.47,0,19,0.02,0,11,0.01,42.1,21,0.00,9.52%,23,0.001,17.39%
zoo_22_90,29,20,90,3.311111111,10,0.04,0,10,0.85,0,10,0.03,0,10,0.01,0,10,0.00,0.00%,10,0.001,0.00%
zoo_22_110,32,22,110,2.818181818,11,0.08,0,11,1.2,0,11,0.02,0,11,0.01,0,11,0.00,0.00%,11,0.001,0.00%
zoo_24_27,27,18,27,2.37037037,14,0.02,0,14,0.14,0,14,0.01,0,8,0,42.85,14,0.00,0.00%,14,0.000,0.00%
zoo_24_32,26,20,32,2.5625,13,0.02,0,13,0.17,0,13,0.01,0,7,0,46.15,14,0.00,7.14%,14,0.000,7.14%
zoo_24_53,36,23,53,2.641509434,15,0.03,0,15,0.54,0,15,0.01,0,11,0.01,26.66,17,0.00,11.76%,18,0.000,16.67%
zoo_24_79,38,24,79,2.911392405,12,0.04,0,12,1.08,0,12,0.02,0,12,0.01,0,13,0.00,7.69%,18,0.001,33.33%
zoo_24_105,39,24,105,3.00952381,13,0.14,0,13,2.56,0,13,0.02,0,12,0.01,7.69,13,0.00,0.00%,14,0.001,7.14%
zoo_24_132,39,24,132,3.075757576,13,0.17,0,13,3.62,0,13,0.03,0,12,0.02,7.69,13,0.00,0.00%,13,0.001,0.00%
zoo_25_32,25,18,32,2.84375,10,0.02,0,10,0.33,0,10,0.01,0,9,0,10,11,0.00,9.09%,12,0.000,16.67%
zoo_25_63,39,22,63,3.206349206,15,0.07,0,15,0.97,0,15,0.02,0,10,0.01,33.33,16,0.00,6.25%,19,0.000,21.05%
zoo_26_32,31,19,32,2.90625,12,0.02,0,12,0.26,0,12,0.01,0,7,0,41.66,13,0.00,7.69%,15,0.000,20.00%
zoo_26_63,43,24,63,2.873015873,21,0.06,0,21,1.64,0,21,0.01,0,11,0.01,47.61,21,0.00,0.00%,23,0.000,8.70%
zoo_26_65,37,22,65,3.076923077,12,0.07,0,12,1.45,0,12,0.03,0,10,0.01,16.66,15,0.00,20.00%,17,0.000,29.41%
zoo_26_94,44,24,94,3.223404255,18,0.21,0,18,2.24,0,18,0.03,0,11,0.01,38.88,21,0.00,14.29%,21,0.001,14.29%
zoo_26_125,49,26,125,3.36,18,0.39,0,18,2.84,0,18,0.04,0,13,0.02,27.77,20,0.00,10.00%,21,0.001,14.29%
zoo_26_130,43,26,130,3.361538462,13,0.12,0,13,6.02,0,13,0.04,0,13,0.02,0,16,0.00,18.75%,16,0.001,18.75%
zoo_26_156,50,26,156,3.384615385,18,0.6,0,18,6.71,0,18,0.04,0,13,0.02,27.77,20,0.00,10.00%,22,0.001,18.18%
zoo_28_37,33,28,37,3.054054054,14,0.02,0,14,0.67,0,14,0.01,0,14,0,0,15,0.00,6.67%,15,0.000,6.67%
zoo_28_42,34,22,42,4.380952381,10,0.1,0,10,2.01,0,9,0.02,10,9,0,10,14,0.00,28.57%,13,0.000,23.08%
zoo_28_48,33,21,48,3.333333333,11,0.04,0,11,1.05,0,11,0.02,0,8,0,27.27,13,0.00,15.38%,15,0.000,26.67%
zoo_28_73,41,28,73,2.917808219,19,0.09,0,19,1.57,0,19,0.02,0,14,0.01,26.31,19,0.00,0.00%,21,0.001,9.52%
zoo_28_109,39,27,109,3.155963303,14,0.11,0,14,2.46,0,14,0.03,0,13,0.01,7.14,16,0.00,12.50%,16,0.001,12.50%
zoo_28_145,38,27,145,3.089655172,13,0.1,0,13,4.1,0,13,0.03,0,13,0.02,0,13,0.00,0.00%,13,0.002,0.00%
zoo_28_182,41,28,182,3.153846154,14,0.15,0,14,5.07,0,14,0.04,0,14,0.02,0,14,0.00,0.00%,14,0.001,0.00%
zoo_29_37,32,21,37,3.810810811,11,0.04,0,11,0.73,0,11,0.01,0,7,0,36.36,12,0.00,8.33%,13,0.000,15.38%
zoo_29_73,45,26,73,3.698630137,14,0.11,0,14,1.36,0,14,0.02,0,12,0.01,14.28,18,0.00,22.22%,17,0.001,17.65%
zoo_29_84,41,26,84,4.547619048,11,0.27,0,11,15.96,0,11,0.03,0,11,0.1,0,17,0.00,35.29%,15,0.001,26.67%
zoo_29_109,47,28,109,3.733944954,14,0.33,0,14,4.79,0,14,0.04,0,14,0.02,0,19,0.00,26.32%,18,0.001,22.22%
zoo_29_145,45,26,145,3.662068966,13,0.29,0,13,15.08,0,13,0.04,0,12,0.02,7.69,17,0.00,23.53%,17,0.001,23.53%
zoo_29_182,47,28,182,3.78021978,14,0.24,0,14,18.96,0,14,0.05,0,14,0.02,0,19,0.00,26.32%,17,0.002,17.65%
zoo_30_42,31,19,42,2.928571429,12,0.03,0,12,0.61,0,12,0.01,0,8,0,33.33,13,0.00,7.69%,15,0.000,20.00%
zoo_30_48,36,23,48,3.3125,14,0.04,0,14,0.67,0,14,0.02,0,11,0,21.42,15,0.00,6.67%,16,0.000,12.50%
zoo_30_84,45,27,84,4.333333333,12,0.1,0,12,4.02,0,12,0.03,0,12,0.02,0,19,0.00,36.84%,16,0.002,25.00%
zoo_30_126,46,28,126,4.444444444,13,0.17,0,13,9.94,0,13,0.04,0,13,0.02,0,19,0.00,31.58%,16,0.001,18.75%
zoo_30_168,47,29,168,4.273809524,14,0.35,0,14,11.37,0,14,0.06,0,14,0.02,0,20,0.00,30.00%,17,0.002,17.65%
zoo_30_210,48,30,210,4.40952381,15,0.35,0,15,34.93,0,15,0.13,0,15,0.03,0,19,0.00,21.05%,21,0.002,28.57%
zoo_31_48,43,26,48,3.458333333,15,0.08,0,15,1.39,0,15,0.02,0,11,0.01,26.66,17,0.00,11.76%,18,0.000,16.67%
zoo_31_144,47,30,144,3.652777778,15,0.29,0,15,6.91,0,15,0.1,0,14,0.02,6.66,19,0.00,21.05%,16,0.001,6.25%
zoo_32_42,31,24,42,2.952380952,14,0.04,0,14,0.43,0,14,0.01,0,10,0,28.57,14,0.00,0.00%,15,0.000,6.67%
zoo_32_48,39,26,48,3.4375,14,0.06,0,14,0.66,0,14,0.02,0,11,0.01,21.42,15,0.00,6.67%,16,0.000,12.50%
zoo_32_84,39,28,84,3.333333333,17,0.12,0,17,1.29,0,17,0.02,0,13,0.01,23.52,17,0.00,0.00%,18,0.001,5.56%
zoo_32_96,49,27,96,3.53125,16,0.22,0,16,3.63,0,16,0.03,0,12,0.02,25,18,0.00,11.11%,21,0.001,23.81%
zoo_32_126,45,30,126,3.317460317,16,0.63,0,16,4.77,0,16,0.04,0,15,0.02,6.25,16,0.00,0.00%,17,0.001,5.88%
zoo_32_144,56,32,144,3.548611111,19,1.26,0,19,13.07,0,19,0.04,0,16,0.02,15.78,22,0.00,13.64%,23,0.002,17.39%
zoo_32_168,46,30,168,3.273809524,16,0.42,0,16,4.04,0,16,0.04,0,15,0.02,6.25,16,0.00,0.00%,18,0.001,11.11%
zoo_32_192,56,32,192,3.651041667,19,1.56,0,19,19.86,0,19,0.05,0,16,0.03,15.78,22,0.00,13.64%,22,0.002,13.64%
zoo_32_240,57,32,240,3.758333333,19,1.53,0,19,28.71,0,19,0.07,0,16,0.03,15.78,23,0.00,17.39%,21,0.002,9.52%
zoo_33_55,56,28,55,2.545454545,28,0.03,0,28,1.05,0,28,0.01,0,14,0.01,50,30,0.00,6.67%,33,0.000,15.15%
zoo_34_55,45,26,55,5.563636364,13,0.27,0,13,17.45,0,12,0.03,7.69,9,0.01,30.76,18,0.00,27.78%,17,0.001,23.53%
zoo_34_109,73,34,109,2.80733945,33,0.12,0,33,6.01,0,33,0.03,0,17,0.02,48.48,34,0.00,2.94%,37,0.001,10.81%
zoo_34_163,57,33,163,3.466257669,22,0.61,0,22,10.34,0,22,0.05,0,16,0.02,27.27,26,0.00,15.38%,25,0.001,12.00%
zoo_34_217,54,33,217,4.903225806,17,0.37,0,17,151.58,0,17,0.15,0,16,0.03,5.88,22,0.00,22.73%,20,0.003,15.00%
zoo_34_272,80,34,272,3.125,35,1.99,0,35,31.78,0,35,0.08,0,17,0.04,51.42,35,0.01,0.00%,41,0.002,14.63%
zoo_35_62,36,27,62,3.725806452,16,0.08,0,16,1.56,0,16,0.02,0,11,0.01,31.25,19,0.00,15.79%,18,0.001,11.11%
zoo_35_123,59,32,123,4.284552846,18,0.58,0,18,28.26,0,17,0.04,5.55,14,0.02,22.22,25,0.00,28.00%,21,0.001,14.29%
zoo_35_184,51,35,184,4.119565217,19,0.36,0,19,14.37,0,19,0.06,0,17,0.03,10.52,23,0.00,17.39%,21,0.002,9.52%
zoo_36_62,49,32,62,2.725806452,24,0.05,0,24,1.21,0,24,0.01,0,15,0.01,37.5,24,0.00,0.00%,27,0.000,11.11%
zoo_36_69,40,26,69,3.463768116,13,0.11,0,13,1.12,0,13,0.02,0,13,0.01,0,15,0.00,13.33%,17,0.001,23.53%
zoo_36_123,47,32,123,5.764227642,14,0.18,0,14,80.79,0,14,0.05,0,14,0.02,0,19,0.00,26.32%,17,0.002,17.65%
zoo_36_184,49,34,184,6.010869565,16,0.27,0,16,50.38,0,16,0.11,0,16,0.03,0,21,0.00,23.81%,19,0.003,15.79%
zoo_36_185,68,35,185,3.756756757,21,4.78,0,21,17.51,0,21,0.07,0,17,0.03,19.04,27,0.00,22.22%,26,0.002,19.23%
zoo_36_245,63,36,245,3.224489796,24,0.25,0,24,22.17,0,24,0.07,0,18,0.04,25,26,0.00,7.69%,27,0.002,11.11%
zoo_36_306,53,36,306,6.392156863,18,0.43,0,18,160.44,0,18,0.3,0,18,0.06,0,22,0.01,18.18%,20,0.007,10.00%
zoo_37_69,40,25,69,3.637681159,16,0.14,0,16,1.24,0,16,0.03,0,9,0.01,43.75,18,0.00,11.11%,17,0.001,5.88%
zoo_37_76,60,33,76,3.184210526,20,0.08,0,20,3.14,0,20,0.02,0,14,0.01,30,25,0.00,20.00%,24,0.001,16.67%
zoo_38_69,54,32,69,2.753623188,27,0.06,0,27,1.69,0,27,0.02,0,15,0.01,44.44,27,0.00,0.00%,30,0.000,10.00%
zoo_38_137,56,34,137,4.598540146,16,0.39,0,16,37.44,0,15,0.05,6.25,15,0.02,6.25,22,0.00,27.27%,21,0.002,23.81%
zoo_38_205,58,36,205,4.814634146,17,0.4,0,17,99.42,0,17,0.15,0,17,0.03,0,24,0.01,29.17%,20,0.002,15.00%
zoo_38_273,60,38,273,4.820512821,19,0.54,0,19,77.96,0,19,0.18,0,19,0.05,0,24,0.01,20.83%,22,0.003,13.64%
zoo_38_342,60,38,342,4.842105263,19,0.61,0,19,80.32,0,19,0.21,0,19,0.06,0,24,0.01,20.83%,23,0.004,17.39%
zoo_39_152,71,35,152,3.519736842,25,0.46,0,25,15.47,0,25,0.09,0,15,0.02,40,27,0.00,7.41%,32,0.001,21.88%
zoo_39_228,75,37,228,3.592105263,23,1.33,0,23,24.75,0,23,0.08,0,17,0.04,26.08,27,0.00,14.81%,31,0.005,25.81%
zoo_40_76,43,30,76,2.881578947,21,0.08,0,21,1.14,0,21,0.02,0,12,0.01,42.85,22,0.00,4.55%,22,0.001,4.55%
zoo_40_152,56,38,152,3.217105263,23,0.17,0,23,9.67,0,23,0.04,0,18,0.02,21.73,25,0.00,8.00%,26,0.003,11.54%
zoo_40_228,60,40,228,3.368421053,20,0.28,0,20,14.47,0,20,0.06,0,20,0.03,0,21,0.00,4.76%,25,0.005,20.00%
zoo_40_304,60,40,304,3.549342105,20,0.18,0,20,25.99,0,20,0.08,0,20,0.05,0,21,0.00,4.76%,21,0.004,4.76%
zoo_40_380,61,40,380,3.631578947,20,0.45,0,20,51.64,0,20,0.1,0,20,0.06,0,20,0.01,0.00%,20,0.006,0.00%
zoo_42_84,58,35,84,4.142857143,22,0.2,0,22,5.03,0,22,0.04,0,15,0.02,31.81,25,0.00,12.00%,28,0.001,21.43%
zoo_42_168,60,36,168,4.464285714,20,0.77,0,20,93.17,0,20,0.06,0,16,0.03,20,23,0.00,13.04%,23,0.003,13.04%
zoo_42_185,56,40,185,3.816216216,22,0.51,0,22,11.03,0,22,0.1,0,18,0.03,18.18,26,0.00,15.38%,24,0.003,8.33%
zoo_42_252,74,41,252,4.468253968,23,3.9,0,23,230.47,0,23,0.17,0,20,0.04,13.04,31,0.00,25.81%,32,0.005,28.13%
zoo_42_336,76,42,336,4.604166667,24,3.78,0,24,143.87,0,24,0.12,0,21,0.06,12.5,32,0.01,25.00%,30,0.007,20.00%
zoo_42_420,76,42,420,4.642857143,24,4.1,0,26,894.37,0,24,0.15,0,21,0.08,12.5,29,0.01,17.24%,30,0.009,20.00%
zoo_43_84,60,37,84,3.571428571,22,0.16,0,22,3.61,0,22,0.03,0,17,0.02,22.72,25,0.00,12.00%,26,0.001,15.38%
zoo_43_93,65,40,93,3.989247312,25,0.11,0,25,10.49,0,24,0.03,4,18,0.02,28,28,0.00,10.71%,29,0.002,13.79%
zoo_43_168,65,38,168,3.946428571,20,2.97,0,20,32.07,0,20,0.07,0,17,0.03,15,26,0.00,23.08%,25,0.003,20.00%
zoo_43_252,76,42,252,3.908730159,26,1.44,0,26,38.2,0,26,0.09,0,21,0.04,19.23,30,0.00,13.33%,34,0.004,23.53%
zoo_43_336,75,39,336,4.014880952,23,3.14,0,23,41.69,0,23,0.11,0,18,0.06,21.73,29,0.01,20.69%,31,0.006,25.81%
zoo_43_420,78,42,420,4.028571429,23,1.7,0,23,374.33,0,23,0.24,0,21,0.07,8.69,27,0.01,14.81%,31,0.007,25.81%
zoo_44_93,62,34,93,4.107526882,21,0.26,0,21,9.26,0,20,0.04,4.76,13,0.02,38.09,26,0.00,19.23%,24,0.002,12.50%
zoo_44_102,58,34,102,5.950980392,17,0.6,0,17,698.83,0,16,0.04,5.88,12,0.02,29.41,21,0.00,19.05%,21,0.003,19.05%
zoo_44_185,69,40,185,4.389189189,22,0.98,0,22,50.78,0,21,0.13,4.54,19,0.03,13.63,26,0.00,15.38%,27,0.003,18.52%
zoo_44_277,76,42,277,4.530685921,22,6.3,0,22,50.83,0,22,0.1,0,20,0.05,9.09,30,0.00,26.67%,26,0.006,15.38%
zoo_44_369,79,43,369,4.875338753,24,6.17,0,28,887.73,0,24,0.14,0,21,0.07,12.5,31,0.01,22.58%,32,0.008,25.00%
zoo_44_462,81,44,462,4.952380952,25,20.32,0,38,1346.27,0,25,0.32,0,22,0.09,12,32,0.01,21.88%,32,0.010,21.88%
zoo_45_93,57,40,93,3.075268817,27,0.1,0,27,4.35,0,27,0.03,0,19,0.02,29.62,28,0.00,3.57%,28,0.002,3.57%
zoo_45_102,68,32,102,2.81372549,42,0.1,0,42,5.67,0,42,0.03,0,23,0.02,45.23,44,0.00,4.55%,49,0.002,14.29%
zoo_45_185,63,43,185,3.383783784,24,0.55,0,24,15.16,0,24,0.06,0,21,0.03,12.5,25,0.00,4.00%,28,0.004,14.29%
zoo_45_277,69,44,277,3.570397112,24,6.15,0,24,26.18,0,24,0.08,0,22,0.04,8.33,30,0.00,20.00%,31,0.006,22.58%
zoo_45_304,72,45,304,3.233552632,24,1.05,0,24,36.52,0,24,0.09,0,22,0.05,8.33,26,0.00,7.69%,28,0.006,14.29%
zoo_45_370,69,44,370,3.781081081,22,1.22,0,22,56.25,0,22,0.11,0,22,0.06,0,27,0.01,18.52%,27,0.009,18.52%
zoo_45_462,69,44,462,3.948051948,22,0.95,0,22,123.03,0,22,0.14,0,22,0.08,0,26,0.01,15.38%,23,0.012,4.35%
zoo_46_102,54,41,102,3.637254902,23,0.13,0,23,4.54,0,23,0.03,0,19,0.02,17.39,25,0.00,8.00%,26,0.002,11.54%
zoo_46_203,65,42,203,6.123152709,22,16.79,0,22,141.29,0,22,0.17,0,20,0.04,9.09,29,0.00,24.14%,25,0.006,12.00%
zoo_46_205,69,44,205,3.141463415,25,1.58,0,25,14.35,0,25,0.06,0,21,0.03,16,26,0.00,3.85%,31,0.003,19.35%
zoo_46_304,64,42,304,5.953947368,20,1.68,0,20,359.91,0,20,0.12,0,20,0.06,0,26,0.00,23.08%,23,0.008,13.04%
zoo_46_405,69,45,405,6.143209877,22,1.61,0,26,1380.91,0,22,0.18,0,22,0.08,0,29,0.01,24.14%,28,0.011,21.43%
zoo_46_406,69,46,406,4.261083744,23,1.09,0,23,77.19,0,23,0.14,0,23,0.07,0,27,0.01,14.81%,26,0.007,11.54%
zoo_46_506,72,46,506,6.217391304,24,2.57,0,32,3601.28,7.69,24,0.37,0,23,0.1,4.16,31,0.01,22.58%,28,0.009,14.29%
zoo_47_111,79,42,111,3.477477477,29,0.13,0,29,7.93,0,29,0.04,0,20,0.02,31.03,34,0.00,14.71%,37,0.001,21.62%
zoo_47_331,72,46,331,3.280966767,24,1.89,0,24,35.53,0,24,0.09,0,22,0.05,8.33,27,0.00,11.11%,29,0.003,17.24%
zoo_48_111,72,46,111,3.072072072,33,0.14,0,33,4.73,0,33,0.03,0,22,0.02,33.33,34,0.00,2.94%,40,0.001,17.50%
zoo_48_120,57,37,120,4.45,18,0.56,0,18,8.83,0,18,0.04,0,17,0.02,5.55,24,0.00,25.00%,24,0.001,25.00%
zoo_48_221,84,42,221,3.728506787,27,0.95,0,27,35.59,0,27,0.08,0,19,0.04,29.62,33,0.00,18.18%,37,0.002,27.03%
zoo_48_331,85,45,331,3.81570997,26,3.4,0,26,130.56,0,26,0.11,0,21,0.06,19.23,33,0.01,21.21%,36,0.003,27.78%
zoo_48_441,87,45,441,3.886621315,24,13.15,0,24,206.42,0,24,0.17,0,21,0.08,12.5,33,0.01,27.27%,31,0.005,22.58%
zoo_48_442,70,48,442,3.997737557,24,0.81,0,24,96.18,0,24,0.13,0,24,0.08,0,27,0.01,11.11%,27,0.005,11.11%
zoo_48_552,93,48,552,3.945652174,28,63.19,0,28,380.36,0,28,0.43,0,24,0.1,14.28,34,0.01,17.65%,38,0.006,26.32%
zoo_50_120,57,41,120,3.65,21,0.22,0,21,4.07,0,21,0.04,0,20,0.02,4.76,25,0.00,16.00%,25,0.001,16.00%
zoo_50_240,74,49,240,3.770833333,28,0.71,0,28,27.87,0,28,0.07,0,24,0.04,14.28,34,0.00,17.65%,35,0.002,20.00%
zoo_50_360,69,46,360,5.319444444,22,8.88,0,22,242.71,0,22,0.15,0,21,0.07,4.54,27,0.01,18.52%,26,0.006,15.38%
zoo_50_361,77,50,361,3.952908587,28,1.46,0,28,80.87,0,28,0.11,0,25,0.06,10.71,32,0.01,12.50%,32,0.004,12.50%
zoo_50_480,79,49,480,5.429166667,25,27.1,0,25,339.97,0,25,0.33,0,24,0.09,4,31,0.01,19.35%,31,0.007,19.35%
zoo_50_481,78,50,481,4.112266112,25,1.15,0,25,192.81,0,25,0.25,0,25,0.08,0,28,0.01,10.71%,31,0.005,19.35%
zoo_50_600,78,50,600,4.216666667,25,2.42,0,25,202.52,0,25,0.32,0,25,0.1,0,27,0.01,7.41%,27,0.007,7.41%
zoo_52_130,74,44,130,5.530769231,21,0.71,0,21,215.15,0,21,0.07,0,18,0.03,14.28,30,0.00,30.00%,27,0.002,22.22%
zoo_52_260,79,51,260,3.473076923,35,0.93,0,35,25.05,0,35,0.08,0,25,0.04,28.57,38,0.00,7.89%,39,0.002,10.26%
zoo_52_390,83,48,390,5.666666667,23,9.72,0,26,1755.47,0,23,0.18,0,22,0.08,4.34,32,0.01,28.13%,32,0.006,28.13%
zoo_52_394,81,52,394,3.697969543,27,3.44,0,27,132.85,0,27,0.13,0,26,0.07,3.7,35,0.01,22.86%,34,0.004,20.59%
zoo_52_520,86,51,520,5.344230769,26,33.9,0,64,2388.18,0,26,0.37,0,25,0.11,3.84,34,0.01,23.53%,31,0.009,16.13%
zoo_52_523,81,52,523,3.873804971,26,1.5,0,26,82.81,0,26,0.16,0,26,0.09,0,29,0.01,10.34%,31,0.005,16.13%
zoo_52_650,91,52,650,5.52,29,31.93,0,44,3601.6,3.33,29,0.49,0,26,0.14,10.34,36,0.02,19.44%,39,0.009,25.64%
zoo_54_141,71,46,141,3.695035461,31,0.23,0,31,13.54,0,31,0.05,0,20,0.03,35.48,34,0.00,8.82%,33,0.001,6.06%
zoo_54_152,80,45,152,5.539473684,21,1.97,0,21,3600.59,6.35,19,0.07,9.52,17,0.03,19.04,31,0.00,32.26%,29,0.002,27.59%
zoo_54_281,96,53,281,3.459074733,39,0.86,0,39,34.33,0,39,0.09,0,26,0.06,33.33,44,0.01,11.36%,45,0.003,13.33%
zoo_54_421,104,54,421,3.605700713,39,2.13,0,39,94.32,0,39,0.15,0,27,0.09,30.76,48,0.01,18.75%,48,0.004,18.75%
zoo_54_423,82,53,423,4.170212766,28,17.72,0,28,323.96,0,28,0.23,0,26,0.08,7.14,33,0.01,15.15%,34,0.004,17.65%
zoo_54_561,104,54,561,3.736185383,37,8.42,0,37,205.55,0,37,0.2,0,27,0.12,27.02,42,0.01,11.90%,41,0.005,9.76%
zoo_54_564,84,54,564,4.386524823,27,0.91,0,27,322.01,0,27,0.32,0,27,0.1,0,32,0.01,15.63%,30,0.006,10.00%
zoo_54_702,104,54,702,3.937321937,37,36.15,0,37,242.31,0,37,0.27,0,27,0.16,27.02,41,0.02,9.76%,41,0.006,9.76%
zoo_55_152,51,36,152,3.934210526,17,0.26,0,17,16.33,0,17,0.08,0,17,0.02,0,20,0.00,15.00%,21,0.001,19.05%
zoo_55_281,82,53,281,3.921708185,31,1.1,0,31,34.42,0,31,0.1,0,26,0.05,16.12,38,0.00,18.42%,34,0.003,8.82%
zoo_55_303,86,47,303,5.498349835,27,5,0,27,3602,3.7,26,0.12,3.7,20,0.07,25.92,37,0.01,27.03%,34,0.004,20.59%
zoo_55_421,86,54,421,4.19239905,27,1.68,0,27,198.9,0,27,0.16,0,27,0.08,0,34,0.01,20.59%,31,0.004,12.90%
zoo_55_562,84,53,562,4.46797153,26,2.93,0,26,302.55,0,26,0.21,0,26,0.11,0,31,0.01,16.13%,32,0.006,18.75%
zoo_55_702,86,54,702,4.444444444,27,2.84,0,38,667.85,0,27,0.28,0,27,0.14,0,31,0.02,12.90%,29,0.009,6.90%
zoo_56_152,72,45,152,4.973684211,23,0.59,0,23,164.89,0,23,0.06,0,19,0.03,17.39,30,0.00,23.33%,29,0.002,20.69%
zoo_56_303,73,50,303,4.188118812,26,0.53,0,26,35.01,0,26,0.1,0,24,0.05,7.69,33,0.01,21.21%,31,0.003,16.13%
zoo_56_454,94,53,454,5.581497797,27,42.6,0,38,2818.17,0,27,0.34,0,25,0.11,7.4,36,0.01,25.00%,38,0.007,28.95%
zoo_56_605,99,56,605,5.841322314,29,16.57,0,51,880.72,0,29,0.36,0,28,0.14,3.44,39,0.02,25.64%,39,0.010,25.64%
zoo_56_617,85,56,617,4.260940032,28,2.29,0,28,159.27,0,28,0.25,0,28,0.13,0,34,0.01,17.65%,34,0.006,17.65%
zoo_56_756,99,56,756,5.738095238,29,24.46,0,44,3601.99,12.12,29,0.37,0,28,0.18,3.44,38,0.02,23.68%,40,0.011,27.50%
zoo_57_325,109,54,325,3.452307692,39,1.71,0,39,55.95,0,39,0.15,0,25,0.07,35.89,45,0.01,13.33%,51,0.003,23.53%
zoo_58_163,109,56,163,3.165644172,53,0.19,0,53,26.76,0,53,0.06,0,27,0.03,49.05,55,0.00,3.64%,55,0.001,3.64%
zoo_58_325,88,54,325,3.501538462,31,1.6,0,31,53.14,0,31,0.11,0,26,0.06,16.12,38,0.01,18.42%,39,0.003,20.51%
zoo_58_487,119,58,487,3.605749487,39,3.57,0,39,107.98,0,39,0.29,0,29,0.11,25.64,50,0.01,22.00%,53,0.004,26.42%
zoo_58_649,117,58,649,3.665639445,36,44.84,0,94,1442.13,0,36,0.46,0,29,0.15,19.44,46,0.02,21.74%,51,0.007,29.41%
zoo_58_650,95,58,650,3.843076923,30,18.13,0,30,211.54,0,30,0.24,0,29,0.13,3.33,35,0.01,14.29%,35,0.006,14.29%
zoo_58_812,120,58,812,3.684729064,36,23.54,0,39,3115.16,0,36,0.59,0,29,0.19,19.44,43,0.02,16.28%,49,0.007,26.53%
zoo_59_174,79,47,174,3.408045977,33,0.42,0,33,16.48,0,33,0.05,0,19,0.03,42.42,38,0.00,13.16%,41,0.002,19.51%
zoo_59_348,80,54,348,3.850574713,29,1.41,0,29,105.46,0,29,0.17,0,25,0.07,13.79,37,0.01,21.62%,35,0.003,17.14%
zoo_60_174,59,38,174,3.603448276,23,0.26,0,23,13.79,0,23,0.05,0,18,0.03,21.73,25,0.00,8.00%,24,0.001,4.17%
zoo_60_348,92,55,348,3.543103448,32,0.78,0,32,53.9,0,32,0.12,0,27,0.07,15.62,39,0.01,17.95%,40,0.003,20.00%
zoo_60_350,83,58,350,3.634285714,37,0.55,0,37,43.69,0,37,0.11,0,28,0.07,24.32,42,0.01,11.90%,42,0.003,11.90%
zoo_60_351,87,59,351,3.404558405,39,0.57,0,39,33.95,0,39,0.1,0,29,0.07,25.64,40,0.01,2.50%,43,0.003,9.30%
zoo_60_522,92,58,522,4.024904215,34,4.49,0,34,109.13,0,34,0.21,0,28,0.1,17.64,41,0.01,17.07%,39,0.006,12.82%
zoo_60_524,87,59,524,3.856870229,34,8.31,0,34,94.9,0,34,0.17,0,29,0.1,14.7,39,0.01,12.82%,40,0.005,15.00%
zoo_60_527,87,59,527,3.688804554,30,0.89,0,30,75.27,0,30,0.16,0,29,0.09,3.33,33,0.01,9.09%,40,0.004,25.00%
zoo_60_696,97,60,696,4.158045977,35,5.17,0,35,352.48,0,35,0.28,0,30,0.15,14.28,41,0.02,14.63%,39,0.007,10.26%
zoo_60_715,87,59,715,3.86993007,29,1.69,0,29,159.25,0,29,0.26,0,29,0.16,0,33,0.02,12.12%,34,0.006,14.71%
zoo_60_720,89,60,720,3.713888889,30,1.12,0,30,246.13,0,30,0.25,0,30,0.14,0,30,0.02,0.00%,35,0.006,14.29%
zoo_60_870,97,60,870,4.23908046,35,3.57,0,35,796.25,0,35,0.36,0,30,0.19,14.28,39,0.03,10.26%,35,0.009,0.00%
zoo_61_174,85,42,174,3.17816092,37,0.4,0,37,16.09,0,37,0.06,0,17,0.03,54.05,41,0.00,9.76%,44,0.001,15.91%
zoo_61_372,92,54,372,5.647849462,26,44.57,0,33,3602.17,17.24,24,0.17,7.69,23,0.09,11.53,32,0.01,18.75%,33,0.005,21.21%
zoo_62_186,81,51,186,5.661290323,23,1.55,0,24,1640.23,0,23,0.08,0,22,0.04,4.34,32,0.00,28.13%,29,0.003,20.69%
zoo_62_558,100,61,558,3.643369176,32,8.57,0,32,146.96,0,32,0.37,0,30,0.11,6.25,35,0.01,8.57%,38,0.005,15.79%
zoo_62_744,102,62,744,3.739247312,31,2.12,0,34,1206.62,0,31,0.52,0,31,0.16,0,34,0.02,8.82%,35,0.006,11.43%
zoo_62_745,100,60,745,5.744966443,29,5.93,0,,3601.69,57.35,29,0.43,0,29,0.18,0,39,0.03,25.64%,37,0.011,21.62%
zoo_62_930,102,62,930,3.821505376,31,3.08,0,31,544.56,0,31,0.51,0,31,0.2,0,33,0.02,6.06%,32,0.010,3.13%
zoo_63_595,92,61,595,5.104201681,30,41.7,0,31,1433.65,0,30,0.29,0,29,0.13,3.33,39,0.01,23.08%,34,0.007,11.76%
zoo_64_199,88,58,199,5.060301508,34,0.46,0,34,134.87,0,34,0.09,0,26,0.04,23.52,42,0.00,19.05%,41,0.002,17.07%
zoo_64_348,114,54,348,3.554597701,46,2.45,0,46,72.29,0,46,0.18,0,24,0.08,47.82,53,0.01,13.21%,55,0.003,16.36%
zoo_64_397,91,61,397,5.025188917,32,2.74,0,33,3600.87,3.12,31,0.18,3.12,29,0.08,9.37,40,0.01,20.00%,39,0.005,17.95%
zoo_64_522,132,57,522,3.706896552,54,5.83,0,54,402.78,0,54,0.22,0,28,0.13,48.14,58,0.01,6.90%,66,0.005,18.18%
zoo_64_595,111,63,595,4.484033613,38,10.4,0,38,284.64,0,38,0.28,0,31,0.14,18.42,45,0.02,15.56%,46,0.007,17.39%
zoo_64_696,136,58,696,3.88362069,55,12.72,0,55,389.36,0,55,0.31,0,28,0.18,49.09,60,0.02,8.33%,68,0.007,19.12%
zoo_64_793,96,63,793,5.348045397,31,3.73,0,71,3601.99,20.51,31,0.64,0,31,0.18,0,38,0.02,18.42%,36,0.010,13.89%
zoo_64_870,141,60,870,3.954022989,55,18.94,0,,,,55,0.43,0,30,0.24,45.45,60,0.03,8.33%,72,0.009,23.61%
zoo_64_992,99,64,992,5.421370968,32,4.88,0,78,3610.05,25.58,32,0.64,0,32,0.23,0,36,0.03,11.11%,35,0.013,8.57%
zoo_65_212,97,56,212,3.58490566,41,0.57,0,41,37.73,0,41,0.09,0,25,0.04,39.02,46,0.00,10.87%,49,0.002,16.33%
zoo_65_634,118,65,634,3.933753943,42,4.53,0,42,547.99,0,42,0.27,0,32,0.14,23.8,52,0.02,19.23%,53,0.006,20.75%
zoo_66_212,91,58,212,3.627358491,37,0.35,0,37,29.3,0,37,0.09,0,29,0.04,21.62,43,0.00,13.95%,43,0.002,13.95%
zoo_66_423,111,64,423,3.839243499,43,2.52,0,43,91.14,0,43,0.17,0,31,0.1,27.9,50,0.01,14.00%,51,0.004,15.69%
zoo_66_634,119,65,634,3.941640379,38,24.13,0,38,395.53,0,38,0.3,0,32,0.15,15.78,48,0.02,20.83%,46,0.006,17.39%
zoo_66_635,105,62,635,5.611023622,29,11.3,0,70,3602.57,9.37,29,0.51,0,29,0.15,0,40,0.02,27.50%,39,0.009,25.64%
zoo_66_845,120,66,845,4.046153846,39,9.62,0,95,,,39,0.38,0,33,0.21,15.38,49,0.02,20.41%,49,0.008,20.41%
zoo_66_846,118,66,846,4.075650118,38,16.24,0,,3618.01,2.56,38,0.74,0,33,0.2,13.15,49,0.02,22.45%,49,0.008,22.45%
zoo_66_847,109,65,847,5.789846517,33,7.26,0,,,,33,0.47,0,32,0.21,3.03,44,0.03,25.00%,39,0.012,15.38%
zoo_66_1056,120,66,1056,4.102272727,39,43.04,0,,,,39,0.78,0,33,0.26,15.38,50,0.03,22.00%,45,0.010,13.33%
zoo_67_225,110,59,225,4.008888889,37,1.57,0,,,,37,0.1,0,26,0.05,29.72,47,0.01,21.28%,49,0.002,24.49%
zoo_68_225,97,51,225,4.035555556,32,1.01,0,,,,32,0.11,0,22,0.04,31.25,39,0.01,17.95%,43,0.003,25.58%
zoo_68_449,123,62,449,4.187082405,36,5.33,0,,,,36,0.32,0,28,0.12,22.22,52,0.01,30.77%,52,0.004,30.77%
zoo_68_673,126,63,673,4.127786033,36,72.28,0,,,,36,0.52,0,29,0.17,19.44,50,0.02,28.00%,52,0.007,30.77%
zoo_68_897,131,67,897,4.254180602,37,269.01,0,,,,36,0.61,2.7,33,0.24,10.81,47,0.03,21.28%,50,0.009,26.00%
zoo_68_1122,133,68,1122,4.308377897,38,3427.86,2.63,,,,38,1.21,0,34,0.31,10.52,48,0.04,20.83%,48,0.011,20.83%
zoo_69_238,92,55,238,6.176470588,25,50.02,0,,,,22,0.19,12,20,0.06,20,39,0.01,35.90%,34,0.004,26.47%
zoo_70_238,102,67,238,3.319327731,46,0.52,0,,,,46,0.08,0,32,0.05,30.43,49,0.00,6.12%,51,0.002,9.80%
zoo_70_252,101,61,252,5.46031746,31,5.04,0,,,,30,0.14,3.22,25,0.06,19.35,47,0.01,34.04%,40,0.003,22.50%
zoo_70_476,106,67,476,5.93697479,35,13.93,0,,,,33,0.25,5.71,32,0.11,8.57,45,0.01,22.22%,43,0.008,18.60%
zoo_70_714,109,66,714,5.990196078,31,10.29,0,,,,31,0.76,0,31,0.2,0,45,0.03,31.11%,38,0.011,18.42%
zoo_70_953,110,70,953,3.77544596,35,3.8,0,,,,35,0.43,0,35,0.23,0,39,0.03,10.26%,41,0.008,14.63%
zoo_70_1190,114,70,1190,6.14789916,35,6.91,0,,,,35,1.42,0,35,0.35,0,48,0.04,27.08%,44,0.019,20.45%
zoo_71_238,86,63,238,5.197478992,41,0.99,0,,,,40,0.09,2.43,29,0.05,29.26,46,0.00,10.87%,44,0.003,6.82%
zoo_71_477,95,67,477,5.685534591,36,1.69,0,,,,36,0.22,0,32,0.12,11.11,45,0.01,20.00%,41,0.007,12.20%
zoo_71_719,103,70,719,6.123783032,37,2.51,0,,,,37,0.36,0,35,0.2,5.4,44,0.02,15.91%,41,0.012,9.76%
zoo_71_953,103,70,953,6.149003148,36,3.24,0,,,,35,0.47,2.77,35,0.27,2.77,42,0.04,14.29%,40,0.017,10.00%
zoo_71_1190,104,70,1190,6.31092437,35,6.51,0,,,,35,0.71,0,35,0.34,0,39,0.05,10.26%,36,0.022,2.78%
zoo_72_252,105,70,252,3.349206349,44,0.75,0,,,,44,0.09,0,34,0.05,22.72,46,0.00,4.35%,47,0.002,6.38%
zoo_72_255,115,70,255,4.364705882,49,1.33,0,,,,49,0.2,0,34,0.06,30.61,55,0.01,10.91%,58,0.003,15.52%
zoo_72_504,113,68,504,5.738095238,35,97.33,0,,,,34,0.69,2.85,33,0.13,5.71,48,0.02,27.08%,40,0.007,12.50%
zoo_72_506,113,71,506,4.387351779,37,3.45,0,,,,37,0.22,0,35,0.12,5.4,50,0.01,26.00%,47,0.005,21.28%
zoo_72_756,113,69,756,5.564814815,33,5.04,0,,,,33,0.46,0,33,0.19,0,46,0.03,28.26%,41,0.011,19.51%
zoo_72_765,114,70,765,4.700653595,36,60.32,0,,,,36,0.52,0,34,0.19,5.55,48,0.02,25.00%,44,0.010,18.18%
zoo_72_1008,119,72,1008,5.725198413,37,7.01,0,,,,36,0.98,2.7,36,0.29,2.7,48,0.03,22.92%,40,0.014,7.50%
zoo_72_1010,116,71,1010,4.676237624,37,8.44,0,,,,37,0.54,0,35,0.26,5.4,44,0.04,15.91%,44,0.012,15.91%
zoo_72_1260,119,72,1260,5.782539683,36,11.16,0,,,,36,1.14,0,36,0.38,0,46,0.05,21.74%,40,0.019,10.00%
zoo_73_267,109,58,267,3.865168539,38,0.97,0,,,,38,0.12,0,26,0.06,31.57,45,0.01,15.56%,47,0.002,19.15%
zoo_73_533,113,68,533,4.519699812,38,26.48,0,,,,38,0.33,0,32,0.13,15.78,47,0.01,19.15%,46,0.006,17.39%
zoo_73_1065,118,72,1065,4.318309859,36,10.64,0,,,,36,0.52,0,35,0.27,2.77,43,0.03,16.28%,42,0.011,14.29%
zoo_74_267,107,69,267,2.981273408,57,0.42,0,,,,57,0.09,0,33,0.06,42.1,58,0.00,1.72%,58,0.002,1.72%
zoo_74_533,160,74,533,3.212007505,74,2.29,0,,,,74,0.26,0,37,0.14,50,81,0.02,8.64%,90,0.004,17.78%
zoo_74_799,160,73,799,3.337922403,66,7.21,0,,,,66,0.38,0,36,0.22,45.45,74,0.02,10.81%,85,0.006,22.35%
zoo_74_800,121,74,800,4.0925,38,6.85,0,,,,38,0.52,0,37,0.2,2.63,46,0.02,17.39%,46,0.007,17.39%
zoo_74_1065,167,74,1065,3.451643192,69,14.73,0,,,,69,0.74,0,37,0.32,46.37,76,0.04,9.21%,86,0.009,19.77%
zoo_74_1075,116,74,1075,3.590697674,37,4.2,0,,,,37,0.47,0,37,0.25,0,38,0.03,2.63%,44,0.009,15.91%
zoo_74_1332,116,74,1332,3.668168168,37,6.34,0,,,,37,0.55,0,37,0.31,0,37,0.04,0.00%,38,0.011,2.63%
zoo_75_282,110,65,282,4.617021277,37,2.63,0,,,,35,0.12,5.4,30,0.07,18.91,49,0.01,24.49%,44,0.003,15.91%
zoo_76_282,107,73,282,3.567375887,54,0.71,0,,,,54,0.1,0,35,0.06,35.18,58,0.01,6.90%,57,0.002,5.26%
zoo_76_563,125,74,563,5.01598579,40,103.63,0,,,,39,0.34,2.5,36,0.14,10,53,0.02,24.53%,52,0.007,23.08%
zoo_76_844,128,76,844,5.052132701,41,6.13,0,,,,40,0.43,2.43,38,0.24,7.31,53,0.03,22.64%,52,0.010,21.15%
zoo_76_846,115,76,846,4.093380615,40,21.84,0,,,,40,0.4,0,38,0.21,5,49,0.02,18.37%,52,0.008,23.08%
zoo_76_1125,128,76,1125,5.128888889,39,55.85,0,,,,39,1.3,0,38,0.32,2.56,49,0.04,20.41%,47,0.014,17.02%
zoo_76_1126,115,76,1126,4.192717584,38,5.2,0,,,,38,0.58,0,38,0.3,0,41,0.04,7.32%,43,0.011,11.63%
zoo_76_1406,129,76,1406,5.295874822,39,38.35,0,,,,39,0.83,0,38,0.41,2.56,49,0.05,20.41%,48,0.019,18.75%
zoo_78_199,107,42,199,3.015075377,50,0.38,0,,,,50,0.07,0,20,0.04,60,55,0.00,9.09%,61,0.001,18.03%
zoo_78_297,97,58,297,6.094276094,32,5.78,0,,,,31,0.25,3.12,23,0.08,28.12,40,0.01,20.00%,41,0.005,21.95%
zoo_78_397,139,56,397,3.156171285,63,1.85,0,,,,63,0.2,0,27,0.1,57.14,70,0.01,10.00%,77,0.003,18.18%
zoo_78_593,129,73,593,6.84148398,40,85.97,0,,,,40,0.39,0,34,0.21,15,54,0.03,25.93%,52,0.011,23.08%
zoo_78_595,152,63,595,3.36302521,63,4.76,0,,,,63,0.3,0,31,0.16,50.79,71,0.02,11.27%,77,0.005,18.18%
zoo_78_793,158,64,793,3.532156368,61,9.37,0,,,,61,0.39,0,32,0.23,47.54,69,0.02,11.59%,76,0.008,19.74%
zoo_78_889,137,77,889,7.053993251,43,106.48,0,,,,41,0.9,4.65,38,0.32,11.62,57,0.04,24.56%,60,0.017,28.33%
zoo_78_890,126,77,890,3.857303371,41,29.36,0,,,,41,0.42,0,38,0.23,7.31,53,0.03,22.64%,51,0.008,19.61%
zoo_78_891,128,78,891,3.848484848,43,30.75,0,,,,42,0.48,2.32,39,0.23,9.3,49,0.03,12.24%,52,0.008,17.31%
zoo_78_992,159,64,992,3.685483871,61,22.46,0,,,,61,0.54,0,32,0.3,47.54,69,0.03,11.59%,76,0.011,19.74%
zoo_78_1185,140,77,1185,7.165400844,44,133.49,0,,,,44,1,0,38,0.48,13.63,57,0.05,22.81%,58,0.024,24.14%
zoo_78_1482,142,78,1482,7.286099865,45,167.46,0,,,,45,2.93,0,39,0.6,13.33,56,0.07,19.64%,60,0.030,25.00%
zoo_79_328,102,64,328,3.417682927,43,1.41,0,,,,43,0.12,0,27,0.07,37.2,47,0.01,8.51%,52,0.003,17.31%
zoo_79_624,130,64,624,3.990384615,44,6.14,0,,,,44,0.31,0,30,0.16,31.81,55,0.02,20.00%,57,0.006,22.81%
zoo_80_312,110,54,312,4.141025641,38,2.1,0,,,,37,0.12,2.63,22,0.07,42.1,47,0.01,19.15%,47,0.003,19.15%
zoo_80_936,144,72,936,4.19017094,45,142.84,0,,,,45,0.88,0,36,0.26,20,55,0.03,18.18%,56,0.010,19.64%
zoo_80_1248,162,80,1248,4.342147436,52,127.71,0,,,,52,1.58,0,40,0.41,23.07,61,0.05,14.75%,63,0.013,17.46%
zoo_80_1560,163,80,1560,4.528205128,52,143.51,0,,,,52,1.07,0,40,0.53,23.07,60,0.07,13.33%,63,0.019,17.46%
zoo_82_656,137,79,656,3.585365854,56,5.9,0,,,,56,0.31,0,38,0.17,32.14,61,0.02,8.20%,66,0.006,15.15%
zoo_82_984,144,82,984,3.718495935,54,15.28,0,,,,54,0.5,0,41,0.26,24.07,61,0.04,11.48%,65,0.009,16.92%
zoo_82_1315,152,82,1315,3.829657795,55,105.34,0,,,,55,0.72,0,41,0.38,25.45,59,0.05,6.78%,67,0.013,17.91%
zoo_82_1640,158,82,1640,3.936585366,61,68.83,0,,,,61,0.93,0,41,0.5,32.78,62,0.07,1.61%,66,0.018,7.58%
zoo_84_345,135,75,345,3.953623188,54,1.22,0,,,,54,0.2,0,36,0.09,33.33,66,0.01,18.18%,66,0.003,18.18%
zoo_84_689,157,81,689,4.005805515,57,6.17,0,,,,57,0.36,0,39,0.2,31.57,71,0.03,19.72%,70,0.008,18.57%
zoo_84_1033,167,84,1033,4.075508228,54,47.88,0,,,,54,1.15,0,42,0.33,22.22,73,0.04,26.03%,78,0.011,30.77%
zoo_84_1377,169,84,1377,4.1902687,51,175.76,0,,,,51,2.07,0,42,0.46,17.64,68,0.07,25.00%,71,0.015,28.17%
zoo_84_1722,169,84,1722,4.2485482,50,3602.84,8.9,,,,50,2.94,0,42,0.59,16,63,0.08,20.63%,67,0.020,25.37%
zoo_86_362,118,75,362,5.975138122,42,2.08,0,,,,41,0.18,2.38,35,0.1,16.66,52,0.01,19.23%,45,0.006,6.67%
zoo_86_723,117,75,723,6.597510373,35,23.58,0,,,,34,0.47,2.85,34,0.22,2.85,47,0.03,25.53%,41,0.013,14.63%
zoo_86_724,148,84,724,4.611878453,47,22.75,0,,,,47,0.66,0,41,0.22,12.76,60,0.03,21.67%,62,0.009,24.19%
zoo_86_1084,126,80,1084,6.616236162,39,11.47,0,,,,39,1.03,0,39,0.35,0,52,0.05,25.00%,49,0.021,20.41%
zoo_86_1445,127,84,1445,6.707958478,41,13.09,0,,,,41,1.37,0,41,0.47,0,55,0.07,25.45%,48,0.029,14.58%
zoo_86_1446,130,86,1446,3.915629322,43,35.17,0,,,,43,0.72,0,43,0.4,0,44,0.06,2.27%,50,0.014,14.00%
zoo_86_1806,134,86,1806,6.827242525,43,15.22,0,,,,43,2.36,0,43,0.63,0,55,0.10,21.82%,47,0.038,8.51%
zoo_88_379,101,66,379,3.424802111,43,1.49,0,,,,43,0.13,0,22,0.08,48.83,46,0.01,6.52%,50,0.003,14.00%
zoo_88_757,146,88,757,3.562747688,56,3.93,0,,,,56,0.35,0,44,0.21,21.42,62,0.02,9.68%,67,0.006,16.42%
zoo_88_758,129,88,758,3.709762533,53,6.51,0,,,,53,0.51,0,44,0.19,16.98,61,0.02,13.11%,61,0.008,13.11%
zoo_88_1135,147,88,1135,3.759471366,49,38.39,0,,,,49,0.6,0,44,0.33,10.2,58,0.04,15.52%,63,0.010,22.22%
zoo_88_1514,147,88,1514,3.883091149,45,53.28,0,,,,45,0.8,0,44,0.44,2.22,53,0.06,15.09%,52,0.014,13.46%
zoo_88_1518,131,88,1518,3.938076416,44,11.37,0,,,,44,0.75,0,44,0.41,0,49,0.06,10.20%,48,0.014,8.33%
zoo_88_1892,147,88,1892,3.94397463,45,48.77,0,,,,45,1.1,0,44,0.56,2.22,51,0.08,11.76%,49,0.017,8.16%
zoo_89_396,124,67,396,5.52020202,37,54.37,0,,,,35,0.31,5.4,26,0.11,29.72,49,0.01,24.49%,48,0.005,22.92%
zoo_89_792,153,83,792,5.727272727,49,65.54,0,,,,48,0.94,2.04,39,0.28,20.4,69,0.06,28.99%,69,0.013,28.99%
zoo_90_1188,156,83,1188,5.62037037,50,120.56,0,,,,48,0.79,4,38,0.4,24,63,0.07,20.63%,64,0.017,21.88%
zoo_90_1584,172,88,1584,5.703282828,57,192.32,0,,,,56,2.27,1.75,43,0.6,24.56,72,0.09,20.83%,70,0.023,18.57%
zoo_90_1980,174,90,1980,5.767676768,56,441.3,0,,,,56,2.05,0,45,0.76,19.64,66,0.12,15.15%,66,0.033,15.15%
zoo_95_433,145,83,433,6.263279446,49,37.68,0,,,,47,0.43,4.08,38,0.16,22.44,59,0.01,16.95%,59,0.008,16.95%
zoo_95_865,146,84,865,6.865895954,42,69.6,0,,,,41,1.14,2.38,38,0.34,9.52,56,0.04,25.00%,58,0.016,27.59%
zoo_95_904,135,90,904,5.724557522,44,61.45,0,,,,44,1.09,0,43,0.28,2.27,57,0.03,22.81%,53,0.013,16.98%
zoo_95_1297,154,87,1297,6.938319198,46,584.03,0,,,,45,2.24,2.17,40,0.6,13.04,60,0.06,23.33%,56,0.026,17.86%
zoo_95_1729,160,92,1729,7.097744361,48,252.92,0,,,,48,4.09,0,45,0.76,6.25,63,0.10,23.81%,57,0.034,15.79%
zoo_96_396,117,78,396,5.446969697,41,4.36,0,,,,40,0.19,2.43,34,0.11,17.07,50,0.01,18.00%,47,0.005,12.77%
zoo_96_452,143,82,452,5.865044248,52,12.26,0,,,,50,0.34,3.84,36,0.16,30.76,62,0.02,16.13%,61,0.007,14.75%
zoo_96_792,131,82,792,5.953282828,45,33.63,0,,,,45,0.47,0,38,0.29,15.55,54,0.03,16.67%,55,0.012,18.18%
zoo_96_903,163,91,903,5.981173865,54,50.53,0,,,,53,1,1.85,43,0.36,20.37,66,0.05,18.18%,71,0.015,23.94%
zoo_96_1188,135,84,1188,5.89983165,44,70.03,0,,,,43,0.82,2.27,39,0.4,11.36,53,0.04,16.98%,52,0.018,15.38%
zoo_96_1354,143,91,1354,5.894387001,43,128.77,0,,,,43,1.77,0,43,0.46,0,62,0.06,30.65%,58,0.021,25.86%
zoo_96_1355,161,89,1355,6.085608856,48,388.08,0,,,,48,2.36,0,42,0.52,12.5,62,0.08,22.58%,64,0.023,25.00%
zoo_96_1585,144,88,1585,6.280126183,47,143.23,0,,,,47,1.3,0,43,0.61,8.51,57,0.08,17.54%,53,0.028,11.32%
zoo_96_1806,176,95,1806,6.15227021,54,160.11,0,,,,54,3.61,0,47,0.74,12.96,68,0.11,20.59%,68,0.033,20.59%
zoo_96_1807,150,95,1807,6.20641948,47,20.63,0,,,,47,1.43,0,47,0.69,0,58,0.10,18.97%,54,0.032,12.96%
zoo_96_1980,146,90,1980,6.319191919,48,105.87,0,,,,48,1.99,0,45,0.77,6.25,58,0.11,17.24%,55,0.035,12.73%
zoo_96_2256,153,96,2256,6.206560284,48,36.57,0,,,,48,4.02,0,48,0.9,0,59,0.14,18.64%,53,0.038,9.43%
zoo_98_471,178,84,471,3.456475584,70,2.35,0,,,,70,0.25,0,37,0.15,47.14,82,0.02,14.63%,85,0.004,17.65%
zoo_98_942,206,95,942,3.987261146,70,36.78,0,,,,70,0.63,0,46,0.36,34.28,85,0.04,17.65%,95,0.016,26.32%
zoo_98_1412,214,96,1412,4.045325779,73,129.58,0,,,,73,1.69,0,47,0.56,35.61,89,0.06,17.98%,95,0.014,23.16%
zoo_98_1881,216,98,1881,4.180223285,73,330.38,0,,,,73,2.52,0,49,0.77,32.87,88,0.10,17.05%,88,0.019,17.05%
zoo_98_2352,218,98,2352,4.286564626,73,700.84,0,,,,73,3.5,0,49,1,32.87,86,0.15,15.12%,89,0.028,17.98%
zoo_99_491,161,92,491,4.718940937,59,5.01,0,,,,58,0.37,1.69,42,0.16,28.81,71,0.02,16.90%,74,0.019,20.27%
zoo_100_980,169,92,980,5.185714286,52,56.58,0,,,,51,1.09,1.92,43,0.37,17.3,69,0.04,24.64%,69,0.013,24.64%
zoo_100_1470,184,99,1470,5.376190476,57,744.07,0,,,,57,2.42,0,49,0.6,14.03,77,0.08,25.97%,76,0.020,25.00%
zoo_100_1960,183,99,1960,5.271938776,55,3603.06,5.97,,,,55,1.7,0,49,0.88,10.9,73,0.11,24.66%,72,0.029,23.61%
zoo_100_2450,187,100,2450,5.364897959,57,3600.77,10.53,,,,57,4.18,0,50,1.07,12.28,72,0.16,20.83%,70,0.036,18.57%
zoo_101_510,151,87,510,5.252941176,49,47.14,0,,3622.03,6.12,46,0.55,6.12,37,0.18,24.48,62,0.02,20.97%,63,0.007,22.22%
zoo_102_510,141,97,510,3.998039216,69,2.01,0,,,,69,0.23,0,51,0.15,26.08,76,0.02,9.21%,74,0.005,6.76%
zoo_102_1020,174,97,1020,5.57745098,54,144.91,0,,,,52,1.2,3.7,46,0.41,14.81,70,0.06,22.86%,69,0.016,21.74%
zoo_102_1530,172,98,1530,5.822875817,49,571.65,0,,,,49,2.57,0,47,0.61,4.08,67,0.08,26.87%,65,0.022,24.62%
zoo_102_2041,177,102,2041,5.677609015,55,125.71,0,,,,55,1.78,0,51,0.86,7.27,70,0.11,21.43%,70,0.029,21.43%
zoo_102_2044,154,101,2044,4.718199609,55,1115.91,0,,,,55,1.6,0,50,0.71,9.09,62,0.12,11.29%,60,0.027,8.33%
zoo_102_2550,180,102,2550,5.891764706,55,309.57,0,,,,55,5.65,0,51,1.07,7.27,72,0.19,23.61%,65,0.038,15.38%
zoo_104_531,167,101,531,3.532956685,70,3.43,0,,,,70,0.28,0,50,0.16,28.57,79,0.01,11.39%,82,0.004,14.63%
zoo_104_1061,168,100,1061,3.771913289,60,12.68,0,,,,60,0.6,0,48,0.33,20,73,0.03,17.81%,74,0.009,18.92%
zoo_104_1592,179,104,1592,3.890703518,55,196.7,0,,,,55,1.06,0,52,0.56,5.45,70,0.07,21.43%,77,0.015,28.57%
zoo_104_2121,179,104,2121,3.972654408,56,43.04,0,,,,56,2.05,0,52,0.74,7.14,64,0.10,12.50%,68,0.037,17.65%
zoo_104_2652,179,104,2652,4.052036199,55,55.67,0,,,,55,1.85,0,52,1.01,5.45,60,0.14,8.33%,61,0.029,9.84%
zoo_106_552,168,90,552,4.702898551,65,4.95,0,,,,64,0.33,1.53,38,0.19,41.53,76,0.03,14.47%,77,0.006,15.58%
zoo_106_1103,206,99,1103,4.986400725,70,146.03,0,,,,70,1.11,0,47,0.46,32.85,86,0.06,18.60%,90,0.015,22.22%
zoo_106_1654,218,101,1654,5.139056832,68,268.45,0,,,,68,2.84,0,48,0.74,29.41,86,0.10,20.93%,95,0.022,28.42%
zoo_106_1655,181,104,1655,4.712386707,59,208.87,0,,,,59,1.61,0,51,0.66,13.55,75,0.09,21.33%,73,0.019,19.18%
zoo_106_2205,230,105,2205,5.17414966,74,3036.33,2.45,,,,74,4.12,0,52,1.08,29.72,88,0.17,15.91%,96,0.034,22.92%
zoo_106_2206,181,104,2206,4.80643699,58,155.76,0,,,,58,3.06,0,51,0.93,12.06,70,0.13,17.14%,68,0.026,14.71%
zoo_106_2756,232,106,2756,5.249637155,73,871.7,0,,,,73,6.94,0,53,1.39,27.39,82,0.22,10.98%,95,0.040,23.16%
zoo_108_573,168,100,573,3.591623037,67,13.8,0,,,,67,0.32,0,48,0.17,28.35,74,0.02,9.46%,76,0.005,11.84%
zoo_108_1145,189,108,1145,3.96768559,66,17.45,0,,,,66,0.72,0,54,0.41,18.18,75,0.05,12.00%,81,0.014,18.52%
zoo_108_1146,185,104,1146,3.933682373,63,22.6,0,,,,63,0.73,0,50,0.4,20.63,76,0.05,17.11%,77,0.012,18.18%
zoo_108_1717,191,108,1717,4.179965055,61,103.71,0,,,,61,2.25,0,54,0.66,11.47,74,0.09,17.57%,77,0.017,20.78%
zoo_108_1718,189,108,1718,4.223515716,61,210.35,0,,,,61,1.29,0,54,0.65,11.47,73,0.10,16.44%,79,0.018,22.78%
zoo_108_2289,190,108,2289,4.377020533,58,3600.55,4.13,,,,58,2.96,0,54,0.92,6.89,70,0.13,17.14%,69,0.026,15.94%
zoo_108_2290,191,108,2290,4.388646288,58,3600.14,4.74,,,,58,2.76,0,54,0.92,6.89,67,0.13,13.43%,69,0.025,15.94%
zoo_108_2862,191,108,2862,4.550663871,58,1721.64,0,,,,58,4.53,0,54,1.2,6.89,66,0.20,12.12%,65,0.034,10.77%
zoo_109_594,175,103,594,3.685185185,75,3.22,0,,,,75,0.33,0,49,0.18,34.66,83,0.02,9.64%,89,0.005,15.73%
zoo_110_594,180,106,594,3.658249158,73,3.64,0,,,,73,0.35,0,52,0.19,28.76,82,0.02,10.98%,82,0.005,10.98%
zoo_110_595,174,96,595,6.374789916,60,12.01,0,,,,60,0.61,0,44,0.27,26.66,74,0.03,18.92%,71,0.010,15.49%
zoo_110_1188,190,109,1188,3.929292929,67,23.2,0,,,,67,0.8,0,54,0.46,19.4,77,0.05,12.99%,79,0.011,15.19%
zoo_110_1189,198,100,1189,6.518923465,62,359.98,0,,,,61,1.18,1.61,45,0.59,27.41,80,0.07,22.50%,81,0.023,23.46%
zoo_110_1782,210,107,1782,6.624579125,68,3607.23,3.06,,,,67,2.8,1.47,52,0.92,23.52,89,0.13,23.60%,82,0.034,17.07%
zoo_110_1783,191,109,1783,4.180594504,63,206.28,0,,,,63,1.81,0,54,0.68,14.28,72,0.09,12.50%,75,0.020,16.00%
zoo_110_2376,212,106,2376,6.702020202,64,3603.79,4.3,,,,64,5.6,0,51,1.22,20.31,86,0.16,25.58%,86,0.043,25.58%
zoo_110_2380,194,110,2380,4.388655462,59,1566.3,0,,,,59,3.36,0,55,0.98,6.77,71,0.14,16.90%,70,0.025,15.71%
zoo_110_2970,218,110,2970,6.866666667,66,2522.01,0,,,,66,7.85,0,55,1.62,16.66,84,0.24,21.43%,85,0.056,22.35%
zoo_111_616,176,101,616,3.720779221,73,5.14,0,,,,73,0.33,0,48,0.19,34.24,80,0.02,8.75%,87,0.006,16.09%
zoo_112_616,180,110,616,3.652597403,76,6.88,0,,,,76,0.37,0,54,0.21,28.94,82,0.02,7.32%,85,0.005,10.59%
zoo_112_1232,196,112,1232,3.928571429,76,19.2,0,,,,76,0.8,0,56,0.45,26.31,88,0.05,13.64%,90,0.011,15.56%
zoo_112_1848,195,112,1848,4.244588745,61,213.02,0,,,,61,1.37,0,56,0.74,8.19,74,0.09,17.57%,78,0.020,21.79%
zoo_112_2464,195,111,2464,4.435470779,59,162.47,0,,,,59,3.29,0,55,1.01,6.77,70,0.15,15.71%,70,0.033,15.71%
zoo_112_2465,197,112,2465,4.364300203,60,141.39,0,,,,60,1.92,0,56,1.07,6.66,69,0.14,13.04%,73,0.026,17.81%
zoo_112_3080,197,112,3080,4.551948052,60,730.45,0,,,,60,2.46,0,56,1.31,6.66,69,0.21,13.04%,69,0.034,13.04%
zoo_114_639,185,108,639,3.699530516,79,3,0,,,,79,0.35,0,51,0.21,35.44,85,0.02,7.06%,94,0.006,15.96%
zoo_114_1278,199,114,1278,4.035211268,71,72.51,0,,,,71,0.95,0,57,0.5,19.71,79,0.06,10.13%,84,0.012,15.48%
zoo_114_1916,194,111,1916,4.303757829,59,128.97,0,,,,59,1.79,0,54,0.77,8.47,72,0.10,18.06%,73,0.020,19.18%
zoo_114_2553,200,114,2553,4.481002742,62,3601.87,1.61,,,,62,3.52,0,57,1.09,8.06,73,0.15,15.07%,74,0.029,16.22%
zoo_114_3192,200,114,3192,4.610275689,61,1762.97,0,,,,61,5.35,0,57,1.39,6.55,71,0.23,14.08%,70,0.063,12.86%
zoo_116_662,185,108,662,3.641993958,74,4.7,0,,,,74,0.36,0,53,0.22,28.37,83,0.02,10.84%,91,0.006,18.68%
zoo_116_1323,202,116,1323,4.131519274,74,23.2,0,,,,74,1.05,0,58,0.52,21.62,85,0.06,12.94%,91,0.018,18.68%
zoo_116_1984,200,115,1984,4.373991935,63,449.96,0,,,,63,2.52,0,57,0.8,9.52,79,0.12,20.25%,79,0.024,20.25%
zoo_116_2645,229,115,2645,4.131568998,71,1820.01,0,,,,71,4.19,0,57,1.2,19.71,89,0.17,20.22%,93,0.026,23.66%
zoo_116_2646,202,116,2646,4.513605442,62,217.42,0,,,,62,4.34,0,58,1.15,6.45,75,0.18,17.33%,70,0.029,11.43%
zoo_116_3306,203,116,3306,4.621294616,62,2485.19,0,,,,62,3.75,0,58,1.45,6.45,73,0.25,15.07%,72,0.039,13.89%
zoo_117_685,193,112,685,3.826277372,77,8.36,0,,,,76,0.48,1.29,53,0.24,31.16,88,0.03,12.50%,88,0.007,12.50%
zoo_117_1370,195,113,1370,4.133576642,67,49.33,0,,,,67,1.28,0,55,0.54,17.91,79,0.07,15.19%,80,0.016,16.25%
zoo_118_685,188,111,685,3.905109489,76,3.54,0,,,,76,0.48,0,53,0.24,30.26,87,0.03,12.64%,88,0.006,13.64%
zoo_118_1369,203,116,1369,4.157779401,70,56.58,0,,,,70,1.71,0,57,0.56,18.57,86,0.08,18.60%,84,0.014,16.67%
zoo_118_1370,203,117,1370,4.090510949,72,35.37,0,,,,72,1.29,0,58,0.53,19.44,90,0.06,20.00%,90,0.014,20.00%
zoo_118_2053,205,117,2053,4.341938626,65,3600.24,4.31,,,,65,2.02,0,58,0.88,10.76,80,0.13,18.75%,83,0.037,21.69%
zoo_118_2054,202,116,2054,4.326192795,64,196.69,0,,,,64,3.05,0,57,0.86,10.93,76,0.11,15.79%,77,0.021,16.88%
zoo_118_2737,205,117,2737,4.44318597,63,3600.52,4.76,,,,63,4.35,0,58,1.2,7.93,72,0.19,12.50%,72,0.031,12.50%
zoo_118_2738,208,118,2738,4.504017531,64,3600.88,4.3,,,,64,2.41,0,59,1.21,7.81,74,0.18,13.51%,71,0.031,9.86%
zoo_118_3422,208,118,3422,4.597311514,64,3628.76,4.69,,,,64,5.41,0,59,1.56,7.81,75,0.26,14.67%,73,0.039,12.33%
zoo_120_2833,209,120,2833,4.472290858,66,1075.36,0,,,,66,2.22,0,60,1.26,9.09,76,0.19,13.16%,82,0.032,19.51%
zoo_120_3540,209,120,3540,4.60960452,65,3600.78,4.23,,,,65,2.97,0,60,1.71,7.69,74,0.27,12.16%,74,0.041,12.16%
zoo_121_2929,206,119,2929,4.491976784,63,2517.97,0,,,,63,4.87,0,58,1.3,7.93,77,0.20,18.18%,76,0.033,17.11%
zoo_122_732,189,116,732,3.762295082,76,4.24,0,,,,76,0.48,0,56,0.26,26.31,87,0.03,12.64%,89,0.018,14.61%
zoo_122_1464,208,115,1464,6.884562842,59,1691.09,0,,,,57,1.59,3.38,54,0.81,8.47,80,0.12,26.25%,85,0.028,30.59%
zoo_122_2196,211,122,2196,4.358834244,69,495.73,0,,,,69,1.62,0,61,0.97,11.59,89,0.14,22.47%,87,0.024,20.69%
zoo_122_2197,212,122,2197,4.317250797,68,3578.52,1.93,,,,68,3.09,0,61,0.96,10.29,88,0.14,22.73%,90,0.025,24.44%
zoo_122_2930,210,121,2930,4.49112628,65,3044.5,2.31,,,,65,4.33,0,60,1.34,7.69,77,0.20,15.58%,78,0.036,16.67%
zoo_122_3660,212,122,3660,4.619125683,66,3617.53,6.06,,,,66,3.27,0,61,1.73,7.57,75,0.30,12.00%,76,0.046,13.16%
zoo_123_732,191,105,732,6.700819672,55,563.6,0,,,,52,1.24,5.45,45,0.38,18.18,79,0.06,30.38%,73,0.013,24.66%
zoo_123_2196,209,115,2196,7.029143898,57,3600.25,1.75,,,,56,5.43,1.75,54,1.28,5.26,78,0.24,26.92%,82,0.047,30.49%
zoo_123_2929,216,121,2929,7.013315125,61,1288.1,0,,,,61,7.68,0,60,1.79,1.63,80,0.34,23.75%,79,0.056,22.78%
zoo_123_3660,218,122,3660,7.02568306,61,281.96,0,,,,61,8.5,0,61,2.3,0,81,0.41,24.69%,81,0.074,24.69%
zoo_124_757,179,120,757,3.587846764,90,3.68,0,,,,90,0.41,0,58,0.26,35.55,95,0.02,5.26%,98,0.006,8.16%
zoo_124_1513,179,121,1513,3.959021811,74,123.32,0,,,,74,1.03,0,59,0.54,20.27,82,0.06,9.76%,81,0.014,8.64%
zoo_124_2269,183,123,2269,4.148964301,64,3600.88,2.73,,,,64,2.19,0,61,0.86,4.68,74,0.12,13.51%,82,0.025,21.95%
zoo_124_3025,187,124,3025,4.247603306,63,106.45,0,,,,63,2.21,0,62,1.26,1.58,67,0.20,5.97%,70,0.038,10.00%
zoo_124_3782,187,124,3782,4.2755156,63,129.52,0,,,,63,3.32,0,62,1.58,1.58,65,0.28,3.08%,63,0.039,0.00%
zoo_129_833,200,125,833,4.116446579,88,35.53,0,,,,88,0.7,0,60,0.32,31.81,97,0.04,9.28%,95,0.009,7.37%
zoo_129_3332,215,128,3332,4.68907563,73,391.57,0,,,,73,5.81,0,63,1.61,13.69,83,0.28,12.05%,84,0.043,13.10%
zoo_130_1665,208,128,1665,4.317117117,81,128.42,0,,,,81,1.32,0,63,0.68,22.22,91,0.09,10.99%,95,0.021,14.74%
zoo_130_2496,214,128,2496,4.546073718,76,124.29,0,,,,76,2.6,0,64,1.1,15.78,87,0.16,12.64%,88,0.032,13.64%
zoo_130_4160,220,130,4160,4.776923077,74,1315.09,0,,,,74,4.71,0,65,2.09,12.16,82,0.39,9.76%,78,0.056,5.13%
zoo_131_1716,199,124,1716,4.262237762,65,223.43,0,,,,65,1.4,0,59,0.68,9.23,84,0.09,22.62%,83,0.019,21.69%
zoo_132_858,192,120,858,3.86013986,89,8.62,0,,,,89,0.5,0,56,0.3,37.07,96,0.03,7.29%,93,0.007,4.30%
zoo_132_2574,217,130,2574,4.387723388,68,3604.78,2.94,,,,66,6.05,2.94,64,1.14,5.88,87,0.16,21.84%,78,0.029,12.82%
zoo_132_3432,217,130,3432,4.512237762,65,293.07,0,,,,65,6.1,0,64,1.62,1.53,76,0.24,14.47%,73,0.038,10.96%
zoo_132_4290,221,132,4290,4.5995338,67,198.75,0,,,,67,4.86,0,66,2.1,1.49,76,0.36,11.84%,73,0.052,8.22%
zoo_134_885,203,114,885,6.578531073,66,224.24,0,,,,65,1.17,1.51,50,0.45,24.24,88,0.06,25.00%,85,0.016,22.35%
zoo_134_1769,207,118,1769,6.792538157,58,1148.57,0,,,,57,3.55,1.72,53,0.99,8.62,84,0.13,30.95%,78,0.032,25.64%
zoo_134_2653,221,127,2653,7.078024877,68,683.15,0,,,,67,6.82,1.47,60,1.66,11.76,88,0.26,22.73%,81,0.051,16.05%
zoo_134_3542,233,133,3542,7.147092038,68,1589.69,0,,,,68,12.28,0,66,2.36,2.94,89,0.33,23.60%,83,0.070,18.07%
zoo_134_4422,234,134,4422,7.227498869,69,551.15,0,,,,69,12.29,0,67,3.21,2.89,89,0.47,22.47%,84,0.088,17.86%
zoo_136_912,191,120,912,4.547149123,73,19.68,0,,,,73,0.77,0,56,0.35,23.28,86,0.04,15.12%,82,0.010,10.98%
zoo_136_1823,221,133,1823,4.948985189,77,748.24,0,,,,75,2.85,2.59,66,0.87,14.28,94,0.11,18.09%,95,0.022,18.95%
zoo_136_2734,216,131,2734,5.065106072,67,3602.92,2.83,,,,67,4.71,0,64,1.32,4.47,82,0.19,18.29%,84,0.035,20.24%
zoo_136_3645,226,136,3645,5.196159122,69,1120.03,0,,,,69,7.37,0,68,1.92,1.44,82,0.28,15.85%,79,0.053,12.66%
zoo_136_4556,227,136,4556,5.32309043,68,325.93,0,,,,68,9.5,0,68,2.5,0,79,0.42,13.92%,78,0.064,12.82%
zoo_137_939,231,129,939,4.027689031,91,7.98,0,,,,90,0.68,1.09,61,0.41,32.96,98,0.04,7.14%,108,0.010,15.74%
zoo_138_948,206,134,948,4.668776371,91,8.57,0,,,,91,0.67,0,67,0.42,26.37,106,0.03,14.15%,105,0.011,13.33%
zoo_138_1877,252,135,1877,4.480554076,80,116.85,0,,,,80,2.97,0,66,0.94,17.5,104,0.12,23.08%,111,0.033,27.93%
zoo_138_1879,210,137,1879,4.964342735,84,143.86,0,,,,84,1.47,0,68,0.95,19.04,94,0.09,10.64%,99,0.024,15.15%
zoo_138_2817,262,138,2817,4.829960951,73,3150.09,0,,,,73,4.92,0,69,1.58,5.47,94,0.21,22.34%,102,0.035,28.43%
zoo_138_2841,213,137,2841,4.9750088,72,216.54,0,,,,72,4.3,0,68,1.47,5.55,91,0.16,20.88%,87,0.037,17.24%
zoo_138_3755,262,138,3755,5.074833555,70,2735.88,0,,,,70,9.52,0,69,2.26,1.42,101,0.31,30.69%,93,0.049,24.73%
zoo_138_3823,216,138,3823,5.033743134,74,95.14,0,,,,74,6.37,0,69,2.04,6.75,86,0.26,13.95%,84,0.048,11.90%
zoo_138_4692,262,138,4692,5.251491901,70,3600.45,1.43,,,,70,9.95,0,69,2.79,1.42,93,0.41,24.73%,90,0.064,22.22%
zoo_140_966,190,108,966,7.366459627,53,1073.41,0,,,,50,1.25,5.66,45,0.48,15.09,78,0.07,32.05%,71,0.019,25.35%
zoo_140_1933,215,125,1933,7.692705639,64,3600.17,3.15,,,,62,4.61,3.12,58,1.19,9.37,89,0.15,28.09%,87,0.045,26.44%
zoo_140_2898,225,129,2898,8.059351277,61,1935.73,0,,,,61,7.84,0,60,2.03,1.63,86,0.38,29.07%,82,0.069,25.61%
zoo_140_3864,241,140,3864,8.180641822,72,1704.57,0,,,,72,9.87,0,70,3.13,2.77,95,0.40,24.21%,91,0.095,20.88%
zoo_140_4830,241,140,4830,8.239751553,71,3619.78,1.41,,,,71,16.42,0,70,3.66,1.4,93,0.54,23.66%,89,0.123,20.22%
zoo_144_994,198,141,994,3.993963783,93,6.08,0,,,,93,0.59,0,70,0.38,24.73,102,0.05,8.82%,103,0.009,9.71%
zoo_144_1989,202,139,1989,4.160382102,84,3600.09,2.09,,,,84,2.09,0,68,0.83,19.04,92,0.11,8.70%,94,0.020,10.64%
zoo_144_2983,208,141,2983,4.383506537,72,3602.19,2.78,,,,72,3.75,0,70,1.33,2.77,81,0.20,11.11%,87,0.034,17.24%
zoo_144_3988,212,142,3988,4.452106319,72,3600.34,1.39,,,,72,5.88,0,71,1.86,1.38,76,0.32,5.26%,81,0.043,11.11%
zoo_144_4970,212,142,4970,4.488933602,71,54.72,0,,,,71,4.9,0,71,2.46,0,73,0.47,2.74%,71,0.056,0.00%
zoo_146_994,245,126,994,4.170020121,89,13.4,0,,,,89,0.85,0,57,0.48,35.95,107,0.05,16.82%,111,0.010,19.82%
zoo_146_1052,210,117,1052,6.596007605,61,328.23,0,,,,60,1.83,1.63,48,0.51,21.31,83,0.09,26.51%,80,0.019,23.75%
zoo_146_1988,279,138,1988,4.401911469,89,132.12,0,,,,88,2.02,1.12,67,1.1,24.71,118,0.15,24.58%,121,0.022,26.45%
zoo_146_2982,289,140,2982,4.576794098,86,3600.31,2.2,,,,85,6.23,1.16,69,1.75,19.76,109,0.22,21.10%,121,0.034,28.93%
zoo_146_3979,300,141,3979,4.670017592,89,3600.32,9.73,,,,89,9.03,0,70,2.51,21.34,115,0.40,22.61%,124,0.054,28.23%
zoo_146_4970,302,142,4970,4.783098592,90,3600.63,9.84,,,,89,10.88,1.11,71,3.29,21.11,114,0.57,21.05%,116,0.074,22.41%
zoo_147_1081,214,132,1081,6.366327475,72,624.94,0,,,,68,1.34,5.55,60,0.54,16.66,95,0.07,24.21%,90,0.020,20.00%
zoo_148_1081,252,143,1081,4.49213691,96,52.73,0,,,,94,0.96,2.08,70,0.53,27.08,113,0.07,15.04%,115,0.011,16.52%
zoo_148_2161,268,146,2161,4.773715872,86,771.15,0,,,,85,3.97,1.16,72,1.2,16.27,114,0.17,24.56%,117,0.025,26.50%
zoo_148_3241,216,145,3241,12.67571737,75,3600.4,2.67,,,,72,5.57,4,71,3.45,5.33,96,0.29,21.88%,83,0.156,9.64%
zoo_148_3242,276,148,3242,5.146822949,81,3600.44,6.58,,,,80,8.02,1.23,74,1.92,8.64,108,0.30,25.00%,105,0.046,22.86%
zoo_148_4321,277,148,4321,5.434853043,78,3600.37,2.55,,,,77,9.74,1.28,74,2.8,5.12,109,0.52,28.44%,100,0.066,22.00%
zoo_148_5402,277,148,5402,5.583117364,76,3601.47,2.63,,,,75,19.02,1.31,74,3.72,2.63,103,0.66,26.21%,94,0.085,19.15%
zoo_164_1329,245,164,1329,3.232505643,123,15.78,0,,,,123,0.91,0,91,0.61,26.01,127,0.04,3.15%,136,0.010,9.56%
zoo_164_2657,246,164,2657,3.352653368,102,9.68,0,,,,102,2.29,0,82,1.23,19.6,105,0.12,2.86%,117,0.023,12.82%
zoo_164_3994,245,163,3994,3.405107661,88,3601.45,1.14,,,,88,3.32,0,81,1.94,7.95,94,0.25,6.38%,111,0.034,20.72%
zoo_164_5317,247,164,5317,3.422418657,82,87.72,0,,,,82,4.89,0,82,2.65,0,84,0.41,2.38%,97,0.049,15.46%
zoo_164_6642,247,164,6642,3.440228847,82,67.04,0,,,,82,7.17,0,82,3.39,0,82,0.57,0.00%,82,0.052,0.00%
zoo_166_2792,243,147,2792,10.8717765,70,3600.24,7.23,,,,69,6.7,1.42,64,2.82,8.57,97,0.31,27.84%,89,0.104,21.35%
zoo_168_1395,251,154,1395,10.6702509,77,1303.12,0,,,,75,2.31,2.59,72,1.18,6.49,104,0.15,25.96%,96,0.051,19.79%
zoo_168_4191,261,161,4191,11.42114054,80,1321.66,0,,,,79,11.76,1.25,77,5.21,3.75,107,0.52,25.23%,103,0.167,22.33%
zoo_168_5580,269,167,5580,11.40107527,85,723.75,0,,,,85,30.05,0,83,10.05,2.35,111,0.83,23.42%,100,0.227,15.00%
zoo_168_6972,271,168,6972,11.58864028,86,1057.66,0,,,,86,34.81,0,84,12.3,2.32,111,1.22,22.52%,100,0.304,14.00%
zoo_176_1362,236,146,1362,7.121145374,79,223.67,0,,,,76,2.53,3.79,67,0.87,15.18,104,0.10,24.04%,100,0.027,21.00%
zoo_176_1534,243,149,1534,13.76792699,67,3600.65,7.16,,,,62,6.45,7.46,61,1.92,8.95,96,0.20,30.21%,80,0.079,16.25%
zoo_176_2723,262,156,2723,7.167462358,86,1127.84,0,,,,85,6.1,1.16,74,2.12,13.95,115,0.25,25.22%,107,0.055,19.63%
zoo_176_3067,260,165,3067,13.63221389,78,718.4,0,,,,77,7.77,1.28,77,5.51,1.28,111,0.29,29.73%,89,0.162,12.36%
zoo_176_4085,274,162,4085,7.374296206,83,154.92,0,,,,83,10.09,0,79,3.41,4.81,112,0.52,25.89%,108,0.084,23.15%
zoo_176_4597,263,166,4597,13.55188166,79,1243.14,0,,,,78,26.22,1.26,78,8.22,1.26,113,0.71,30.09%,91,0.245,13.19%
zoo_176_5445,281,165,5445,7.445913682,88,1033.17,0,,,,88,17.19,0,82,4.82,6.81,111,0.65,20.72%,104,0.123,15.38%
zoo_176_6127,271,174,6127,13.79108862,86,676.94,0,,,,86,21.47,0,86,10.74,0,119,0.92,27.73%,98,0.355,12.24%
zoo_176_6806,282,166,6806,7.523655598,88,711.51,0,,,,88,27.14,0,83,6.33,5.68,110,1.10,20.00%,99,0.147,11.11%
zoo_176_7656,273,176,7656,13.90334378,88,541.42,0,,,,88,54.26,0,88,17.36,0,120,1.15,26.67%,106,0.411,16.98%
zoo_183_1675,258,158,1675,13.72298507,73,3600.18,5.46,,,,67,6.42,8.21,66,2.6,9.58,100,0.18,27.00%,90,0.087,18.89%
zoo_183_6703,280,179,6703,14.20170073,87,1527.59,0,,,,87,53.84,0,87,14.51,0,119,1.31,26.89%,104,0.384,16.35%
zoo_184_3349,270,171,3349,14.12481338,80,1131.66,0,,,,79,8.72,1.25,79,5.57,1.25,114,0.48,29.82%,95,0.183,15.79%
zoo_184_5023,273,172,5023,14.15150309,80,1724.93,0,,,,80,29.51,0,80,9.91,0,114,0.70,29.82%,94,0.284,14.89%
zoo_184_8372,285,184,8372,14.07214525,92,962.58,0,,,,92,51.33,0,92,40.04,0,124,1.69,25.81%,110,0.474,16.36%
zoo_220_2398,341,185,2398,7.824020017,107,3600.28,5.32,,,,99,6.68,7.47,81,2.2,24.29,143,0.39,25.17%,135,0.054,20.74%
zoo_220_4798,374,208,4798,8.266777824,113,3600.54,5.09,,,,113,10.03,0,99,5.59,12.38,159,1.40,28.93%,153,0.121,26.14%
zoo_220_7197,381,210,7197,8.236904266,115,3602.64,9.87,,,,111,35.44,3.47,101,11.01,12.17,158,1.86,27.22%,149,0.185,22.82%
zoo_220_9592,400,219,9592,8.510946622,123,3601.75,7.53,,,,122,52.58,0.81,109,13.57,11.38,160,2.91,23.13%,158,0.245,22.15%
zoo_220_11990,403,220,11990,8.62118432,125,3604.59,8.4,,,,123,94.4,1.6,110,19.94,12,162,4.74,22.84%,150,0.314,16.67%
zoo_224_2534,359,188,2534,7.119573796,109,3607.45,1.83,,,,105,6.77,3.66,80,2.19,26.6,145,0.30,24.83%,148,0.063,26.35%
zoo_226_5064,410,214,5064,7.700631912,126,3600.69,16.06,,,,117,18.16,7.14,101,5.59,19.84,161,0.97,21.74%,160,0.115,21.25%
zoo_226_7597,427,224,7597,7.944715019,127,3601.14,6.89,,,,124,41.56,2.36,111,9.36,12.59,167,1.63,23.95%,172,0.196,26.16%
zoo_226_10128,432,223,10128,8.018364929,137,3651.21,16.52,,,,125,79.34,8.75,110,13.59,19.7,166,2.65,17.47%,162,0.262,15.43%
zoo_226_12656,436,226,12656,8.160240202,135,3601.94,11.85,,,,129,108.15,4.44,113,20.74,16.29,168,3.84,19.64%,164,0.344,17.68%
zoo_250_3103,369,217,3103,11.07315501,114,3600.36,8.9,,,,103,12.96,9.64,96,5.06,15.78,146,0.65,21.92%,136,0.119,16.18%
zoo_250_6206,400,237,6206,11.19432807,120,3600.81,6.67,,,,116,38.53,3.33,112,13.65,6.66,164,1.63,26.83%,148,0.244,18.92%
zoo_250_9312,410,243,9312,11.01063144,123,3601.1,2.44,,,,122,69.25,0.81,118,18.65,4.06,167,3.58,26.35%,150,0.353,18.00%
zoo_250_12402,411,246,12402,10.99927431,125,3603.1,1.6,,,,125,101.82,0,121,24.99,3.2,168,5.42,25.60%,152,0.500,17.76%
zoo_250_15500,418,250,15500,11.13690323,129,3602.22,1.71,,,,129,465.89,0,125,30.61,3.1,166,8.46,22.29%,153,0.619,15.69%
zoo_254_3209,377,252,3209,4.988781552,187,3604.21,0.95,,,,186,4.63,0.53,133,2.86,28.87,200,0.33,6.50%,210,0.045,10.95%
zoo_254_6424,380,251,6424,5.3874533,155,3602.56,1.65,,,,154,10.08,0.64,124,5.7,20,168,1.05,7.74%,186,0.104,16.67%
zoo_254_9711,384,253,9711,5.469467614,142,3601.16,2.24,,,,142,15.94,0,126,9.83,11.26,156,2.18,8.97%,174,0.148,18.39%
zoo_254_12830,384,253,12830,5.522759158,128,1388.26,0,,,,128,32.49,0,126,15.02,1.56,139,5.04,7.91%,152,0.195,15.79%
zoo_254_16002,386,254,16002,5.546181727,127,1953.04,0,,,,127,76.99,0,127,16.61,0,132,6.93,3.79%,131,0.271,3.05%
zoo_290_4180,458,254,4180,9.690191388,138,3600.6,14.06,,,,125,20.12,9.42,112,6.46,18.84,182,0.80,24.18%,180,0.139,23.33%
zoo_290_8359,480,268,8359,10.50556287,142,3601.77,9.19,,,,133,54.36,6.33,124,17.69,12.67,185,2.47,23.24%,175,0.326,18.86%
zoo_290_12533,502,282,12533,10.50985399,155,3602.86,11.06,,,,144,95.68,7.09,137,28.8,11.61,203,6.17,23.65%,193,0.496,19.69%
zoo_290_16733,510,287,16733,10.7783422,159,3616.35,8.1,,,,150,197.95,5.66,143,39.49,10.06,202,8.83,21.29%,184,0.696,13.59%
zoo_290_20880,518,290,20880,10.84971264,167,3804.75,11.53,,,,152,471.84,8.98,,,,201,18.31,16.92%,183,0.827,8.74%
zoo_298_4411,489,277,4411,9.321015643,161,3600.59,10.66,,,,147,37.31,8.69,128,7.7,20.49,209,1.13,22.97%,198,0.137,18.69%
zoo_298_8842,506,285,8842,9.301967881,214,3601.07,34.5,,,,149,53.12,30.37,136,17.22,36.44,212,3.01,-0.94%,203,0.301,-5.42%
zoo_298_13242,517,285,13242,9.651034587,163,3602.67,13.46,,,,150,156.3,7.97,136,29.51,16.56,208,6.77,21.63%,201,0.475,18.91%
zoo_298_17653,529,293,17653,9.802979664,163,3602.5,10.34,,,,155,141.87,4.9,,,,201,13.39,18.91%,200,0.592,18.50%
zoo_298_22052,536,298,22052,9.829584618,165,3617.28,8.48,,,,161,372.87,2.42,,,,203,21.92,18.72%,197,0.724,16.24%
zoo_306_4666,459,285,4666,8.690741535,182,3600.74,2.27,,,,179,13.52,1.64,135,6.22,25.82,217,1.03,16.13%,211,0.135,13.74%
zoo_306_9309,477,295,9309,8.981415834,174,3601.07,12.36,,,,166,40.47,4.59,144,14.75,17.24,208,2.58,16.35%,199,0.280,12.56%
zoo_306_14006,499,305,14006,9.250535485,182,3602.66,13.87,,,,171,71.97,6.04,152,34.84,16.48,219,5.63,16.89%,203,0.412,10.34%
zoo_306_18706,500,302,18706,9.266331658,180,3603.44,15.42,,,,164,143.46,8.88,,,,203,13.43,11.33%,192,0.572,6.25%
zoo_306_23256,508,306,23256,9.34502924,177,3602.6,11.22,,,,167,235.46,5.64,,,,195,25.13,9.23%,186,0.695,4.84%
zoo_316_4973,456,267,4973,12.15121657,205,3600.9,44.49,,,,121,23.13,40.97,112,8.71,45.36,181,1.13,-13.26%,173,0.226,-18.50%
zoo_316_9927,488,287,9927,12.37805984,487,3601.01,73.13,,,,135,68.92,72.27,130,22.08,73.3,191,3.78,-154.97%,177,0.468,-175.14%
zoo_316_14934,512,301,14934,12.96765769,159,3602.33,8.28,,,,152,117.88,4.4,144,40.2,9.43,205,8.12,22.44%,193,0.731,17.62%
zoo_316_19883,526,311,19883,13.04451039,177,3627.98,12.53,,,,158,382.3,10.73,,,,210,15.78,15.71%,201,1.040,11.94%
zoo_316_24806,537,316,24806,13.09030073,184,3622.9,12.46,,,,165,505.98,10.32,,,,216,27.47,14.81%,199,1.289,7.54%
zoo_317_3790,371,228,3790,12.68205805,112,3600.45,7.33,,,,103,21.26,8.03,95,6.92,15.17,155,1.04,27.74%,138,0.175,18.84%
zoo_317_7571,406,249,7571,13.29494122,190,3601.03,39.36,,,,117,47.15,38.42,113,18.79,40.52,167,2.96,-13.77%,147,0.412,-29.25%
zoo_317_11345,428,270,11345,13.5918907,137,1941.78,0,,,,136,107.77,0.72,132,28.16,3.64,186,5.69,26.34%,168,0.617,18.45%
zoo_317_15150,434,271,15150,13.54627063,135,3633.09,0.74,,,,135,196.74,0,133,61.51,1.48,179,6.65,24.58%,161,0.819,16.15%
zoo_317_18906,441,276,18906,13.73733206,141,3625.05,1.42,,,,140,352.52,0.7,138,58.91,2.12,179,12.16,21.23%,161,1.064,12.42%
zoo_394_7736,603,361,7736,10.29175284,286,3601.03,38.85,,,,187,52.11,34.61,170,16.18,40.55,258,2.98,-10.85%,245,0.278,-16.73%
zoo_394_15448,642,371,15448,11.19756603,641,3601.58,72.55,,,,187,123.48,70.82,,,,264,12.12,-142.80%,251,0.661,-155.38%
zoo_394_23194,665,382,23194,11.56786238,256,3615.34,26.85,,,,192,522.75,25,,,,260,32.15,1.54%,250,0.976,-2.40%
zoo_394_30895,674,388,30895,11.39194044,231,3660.49,16.56,,,,198,1448.66,14.28,,,,259,55.08,10.81%,238,1.296,2.94%
zoo_394_38612,684,394,38612,11.51041127,,,,,,,,,,,,,262,101.00,100.00%,244,1.615,100.00%